time;wx (rad/s);wy (rad/s);wz (rad/s)
0,002601;-0,12;0,05;0,06
0,003050;-0,14;0,13;0,06
0,003306;-0,16;0,19;0,06
0,003715;-0,17;0,25;0,06
0,007179;-0,19;0,30;0,06
0,008058;-0,20;0,34;0,06
0,010345;-0,21;0,38;0,06
0,016199;-0,21;0,41;0,05
0,016548;-0,22;0,43;0,05
0,017214;-0,21;0,44;0,05
0,019652;-0,21;0,45;0,05
0,022000;-0,21;0,45;0,05
0,024110;-0,20;0,45;0,05
0,026291;-0,19;0,45;0,05
0,029114;-0,18;0,44;0,05
0,031191;-0,16;0,43;0,05
0,033685;-0,15;0,42;0,04
0,036537;-0,14;0,41;0,04
0,038336;-0,12;0,40;0,04
0,039949;-0,11;0,39;0,04
0,043067;-0,10;0,39;0,04
0,045203;-0,09;0,38;0,04
0,047874;-0,08;0,38;0,04
0,049771;-0,07;0,38;0,04
0,053027;-0,07;0,37;0,05
0,054446;-0,06;0,36;0,05
0,056906;-0,05;0,35;0,05
0,058868;-0,05;0,34;0,05
0,061631;-0,04;0,32;0,05
0,063807;-0,04;0,30;0,05
0,066097;-0,04;0,27;0,05
0,068433;-0,03;0,24;0,05
0,073890;-0,03;0,21;0,05
0,074354;-0,03;0,17;0,05
0,075493;-0,03;0,15;0,05
0,078224;-0,03;0,12;0,04
0,079874;-0,03;0,10;0,04
0,082915;-0,03;0,09;0,04
0,085346;-0,04;0,08;0,04
0,092513;-0,04;0,07;0,04
0,092954;-0,04;0,07;0,04
0,093171;-0,04;0,06;0,03
0,095350;-0,04;0,07;0,03
0,096361;-0,05;0,07;0,02
0,098899;-0,06;0,08;0,02
0,101158;-0,06;0,08;0,02
0,103506;-0,07;0,10;0,01
0,105784;-0,08;0,10;0,01
0,108194;-0,08;0,11;0,01
0,111060;-0,09;0,12;0,00
0,112866;-0,10;0,13;-0,00
0,115276;-0,10;0,13;-0,00
0,118167;-0,11;0,13;-0,01
0,120187;-0,11;0,13;-0,01
0,122273;-0,11;0,12;-0,01
0,124594;-0,11;0,12;-0,02
0,126782;-0,11;0,11;-0,02
0,129163;-0,11;0,10;-0,02
0,131576;-0,10;0,08;-0,02
0,133900;-0,09;0,07;-0,03
0,136022;-0,08;0,05;-0,03
0,138228;-0,07;0,04;-0,03
0,140173;-0,06;0,02;-0,03
0,143156;-0,05;0,00;-0,03
0,145463;-0,04;-0,01;-0,03
0,147840;-0,03;-0,03;-0,03
0,150117;-0,02;-0,04;-0,02
0,152905;-0,01;-0,05;-0,02
0,154682;-0,00;-0,06;-0,02
0,157083;0,00;-0,07;-0,02
0,159513;0,01;-0,08;-0,02
0,162077;0,02;-0,09;-0,02
0,164132;0,03;-0,10;-0,02
0,166378;0,03;-0,10;-0,02
0,174740;0,04;-0,10;-0,02
0,175422;0,04;-0,10;-0,02
0,175688;0,04;-0,09;-0,02
0,175923;0,04;-0,08;-0,02
0,178316;0,04;-0,07;-0,02
0,180308;0,04;-0,05;-0,02
0,182997;0,03;-0,03;-0,02
0,185581;0,03;-0,01;-0,02
0,191714;0,03;0,01;-0,03
0,192117;0,02;0,02;-0,03
0,192268;0,01;0,04;-0,03
0,194428;0,01;0,06;-0,04
0,196668;0,00;0,07;-0,04
0,198767;-0,00;0,07;-0,05
0,201323;-0,00;0,09;-0,05
0,203757;-0,01;0,09;-0,05
0,205823;-0,01;0,09;-0,06
0,208499;-0,01;0,09;-0,06
0,210960;-0,01;0,08;-0,05
0,212872;-0,02;0,07;-0,05
0,215469;-0,02;0,06;-0,05
0,217584;-0,03;0,05;-0,04
0,220473;-0,04;0,04;-0,02
0,222414;-0,04;0,03;-0,01
0,224713;-0,04;0,02;-0,01
0,227774;-0,05;0,01;0,00
0,229421;-0,05;0,01;0,01
0,231606;-0,04;0,01;0,01
0,234142;-0,04;0,01;0,02
0,236455;-0,05;0,01;0,02
0,238586;-0,05;0,01;0,02
0,240501;-0,04;0,01;0,02
0,244326;-0,04;0,01;0,02
0,245755;-0,04;0,01;0,02
0,247854;-0,04;0,00;0,03
0,250496;-0,03;-0,00;0,03
0,252902;-0,03;-0,01;0,03
0,254793;-0,02;-0,02;0,04
0,257506;-0,02;-0,03;0,04
0,266020;-0,01;-0,04;0,04
0,266576;-0,01;-0,05;0,04
0,266853;-0,00;-0,06;0,04
0,267090;0,01;-0,07;0,04
0,269276;0,01;-0,07;0,05
0,271142;0,02;-0,08;0,05
0,273829;0,03;-0,10;0,04
0,276779;0,03;-0,10;0,04
0,282170;0,04;-0,12;0,04
0,282655;0,04;-0,13;0,04
0,282859;0,05;-0,14;0,04
0,285343;0,06;-0,15;0,04
0,287421;0,06;-0,16;0,04
0,289619;0,06;-0,17;0,04
0,292635;0,06;-0,18;0,04
0,294301;0,06;-0,18;0,04
0,296969;0,06;-0,18;0,04
0,298952;0,06;-0,18;0,04
0,301948;0,06;-0,18;0,04
0,303640;0,05;-0,17;0,04
0,306246;0,05;-0,17;0,05
0,308586;0,04;-0,16;0,05
0,310958;0,04;-0,15;0,05
0,312689;0,03;-0,14;0,05
0,315803;0,03;-0,13;0,05
0,317815;0,02;-0,13;0,06
0,320259;0,01;-0,12;0,06
0,322693;0,01;-0,11;0,06
0,324431;0,01;-0,11;0,06
0,327506;0,01;-0,11;0,06
0,329453;0,00;-0,12;0,05
0,331988;0,01;-0,12;0,05
0,334390;0,01;-0,13;0,05
0,336543;0,01;-0,14;0,05
0,338686;0,02;-0,15;0,04
0,340484;0,02;-0,15;0,04
0,343836;0,03;-0,16;0,03
0,345731;0,03;-0,17;0,03
0,348070;0,04;-0,17;0,02
0,350829;0,04;-0,17;0,02
0,352861;0,04;-0,17;0,01
0,355038;0,05;-0,18;0,01
0,357606;0,06;-0,17;0,01
0,365227;0,05;-0,17;0,00
0,365775;0,05;-0,17;0,00
0,366031;0,05;-0,17;0,00
0,366877;0,05;-0,17;0,00
0,369168;0,04;-0,16;0,01
0,371467;0,04;-0,15;0,01
0,373988;0,04;-0,15;0,01
0,376281;0,04;-0,13;0,01
0,382074;0,03;-0,12;0,01
0,382601;0,03;-0,11;0,01
0,383108;0,03;-0,09;0,01
0,385333;0,02;-0,08;0,01
0,387617;0,02;-0,07;0,01
0,389795;0,01;-0,05;0,01
0,392162;0,01;-0,04;0,01
0,394575;0,01;-0,03;0,01
0,397065;0,01;-0,02;0,00
0,399217;0,01;-0,02;0,00
0,401855;0,01;-0,02;-0,00
0,403927;0,02;-0,01;-0,01
0,406399;0,02;-0,01;-0,01
0,408461;0,03;-0,01;-0,02
0,411563;0,03;-0,01;-0,02
0,413028;0,03;-0,01;-0,03
0,415897;0,03;-0,02;-0,03
0,418031;0,03;-0,02;-0,03
0,420602;0,03;-0,02;-0,03
0,422611;0,03;-0,02;-0,03
0,424970;0,03;-0,02;-0,03
0,427306;0,02;-0,02;-0,03
0,429531;0,01;-0,01;-0,04
0,431974;0,01;-0,01;-0,04
0,434618;0,00;-0,00;-0,04
0,436646;-0,00;0,00;-0,04
0,439001;-0,01;0,01;-0,04
0,440765;-0,01;0,01;-0,04
0,443813;-0,02;0,02;-0,04
0,445932;-0,03;0,02;-0,04
0,448252;-0,03;0,03;-0,04
0,450585;-0,03;0,04;-0,04
0,452844;-0,04;0,04;-0,04
0,455329;-0,04;0,04;-0,04
0,457395;-0,04;0,04;-0,04
0,461764;-0,04;0,03;-0,04
0,462342;-0,04;0,03;-0,04
0,464785;-0,03;0,03;-0,04
0,467217;-0,03;0,02;-0,04
0,472814;-0,02;0,02;-0,04
0,473389;-0,01;0,01;-0,04
0,473621;-0,01;0,00;-0,04
0,476203;-0,00;-0,01;-0,04
0,478411;0,00;-0,02;-0,04
0,480345;0,01;-0,03;-0,03
0,482915;0,01;-0,03;-0,03
0,485601;0,02;-0,04;-0,03
0,487913;0,02;-0,05;-0,02
0,490292;0,02;-0,06;-0,02
0,493034;0,02;-0,07;-0,01
0,495004;0,01;-0,07;-0,01
0,497091;0,02;-0,07;-0,00
0,499691;0,02;-0,07;0,00
0,501814;0,01;-0,07;0,01
0,504257;0,01;-0,06;0,01
0,506348;0,00;-0,06;0,02
0,509549;0,00;-0,06;0,02
0,511026;-0,00;-0,05;0,02
0,513575;-0,01;-0,04;0,02
0,516147;-0,01;-0,03;0,02
0,518348;-0,01;-0,03;0,02
0,520539;-0,01;-0,02;0,02
0,523114;-0,02;-0,01;0,02
0,525644;-0,02;-0,01;0,02
0,527765;-0,02;-0,01;0,02
0,530647;-0,02;-0,00;0,01
0,532470;-0,02;-0,00;0,01
0,535305;-0,02;-0,00;0,01
0,537298;-0,02;-0,01;0,01
0,539955;-0,02;-0,01;0,01
0,542545;-0,01;-0,01;0,01
0,544966;-0,02;-0,01;0,01
0,546206;-0,01;-0,02;0,01
0,548671;-0,01;-0,02;0,01
0,551703;-0,01;-0,02;0,01
0,554274;-0,01;-0,03;0,01
0,556389;-0,00;-0,03;0,01
0,558395;-0,00;-0,03;0,01
0,561448;-0,01;-0,04;0,01
0,562261;-0,00;-0,04;0,01
0,565787;0,00;-0,05;0,01
0,567725;-0,00;-0,05;0,01
0,572257;-0,00;-0,05;0,00
0,573083;-0,00;-0,05;0,00
0,574909;-0,00;-0,05;0,00
0,590303;-0,01;-0,04;-0,00
0,591137;-0,01;-0,04;-0,00
0,591471;-0,01;-0,03;-0,00
0,591692;-0,01;-0,03;-0,00
0,591898;-0,01;-0,03;-0,00
0,592114;-0,01;-0,03;-0,00
0,592313;-0,01;-0,02;-0,00
0,594573;-0,01;-0,02;-0,00
0,595286;-0,01;-0,02;-0,00
0,597458;-0,01;-0,02;-0,01
0,601064;-0,01;-0,02;-0,01
0,602657;-0,01;-0,02;-0,01
0,605112;-0,01;-0,02;-0,01
0,607756;-0,01;-0,02;-0,01
0,611787;-0,01;-0,02;-0,01
0,612653;-0,01;-0,02;-0,01
0,614606;-0,01;-0,02;-0,01
0,617011;-0,01;-0,02;-0,01
0,619220;-0,01;-0,02;-0,01
0,620784;-0,01;-0,02;-0,02
0,622976;-0,02;-0,03;-0,02
0,626461;-0,01;-0,03;-0,02
0,628242;-0,01;-0,03;-0,02
0,631027;-0,01;-0,04;-0,02
0,633649;-0,01;-0,05;-0,02
0,636569;-0,01;-0,05;-0,02
0,637350;-0,01;-0,06;-0,02
0,639830;-0,01;-0,06;-0,02
0,641570;-0,00;-0,07;-0,02
0,644509;-0,00;-0,07;-0,03
0,647222;-0,00;-0,08;-0,03
0,649703;-0,00;-0,08;-0,03
0,651279;0,00;-0,09;-0,03
0,654011;0,00;-0,09;-0,03
0,656498;0,00;-0,09;-0,03
0,657884;0,01;-0,10;-0,03
0,660795;0,01;-0,10;-0,04
0,662892;0,01;-0,10;-0,04
0,665873;0,00;-0,11;-0,04
0,671007;0,01;-0,11;-0,04
0,671983;0,00;-0,11;-0,04
0,672377;0,00;-0,12;-0,04
0,674792;0,00;-0,13;-0,04
0,687879;0,00;-0,13;-0,04
0,688706;0,00;-0,14;-0,04
0,688961;-0,00;-0,15;-0,04
0,689143;-0,00;-0,15;-0,04
0,689301;-0,00;-0,16;-0,04
0,689450;-0,01;-0,17;-0,04
0,691145;-0,01;-0,17;-0,04
0,692911;-0,01;-0,18;-0,04
0,695110;-0,01;-0,19;-0,04
0,698111;-0,02;-0,20;-0,04
0,701751;-0,02;-0,21;-0,04
0,702424;-0,02;-0,21;-0,04
0,705366;-0,02;-0,21;-0,03
0,707879;-0,02;-0,22;-0,03
0,710836;-0,02;-0,23;-0,03
0,711725;-0,02;-0,23;-0,02
0,714599;-0,02;-0,24;-0,02
0,716479;-0,02;-0,24;-0,02
0,719478;-0,02;-0,25;-0,01
0,721130;-0,02;-0,25;-0,01
0,723624;-0,02;-0,25;-0,01
0,726357;-0,02;-0,26;-0,01
0,727985;-0,02;-0,26;-0,00
0,730173;-0,02;-0,26;-0,00
0,733893;-0,03;-0,25;-0,00
0,735784;-0,02;-0,25;0,00
0,738440;-0,03;-0,25;0,01
0,739840;-0,03;-0,24;0,01
0,744578;-0,03;-0,24;0,01
0,745553;-0,03;-0,24;0,01
0,746715;-0,04;-0,23;0,02
0,749247;-0,04;-0,23;0,02
0,750932;-0,04;-0,22;0,02
0,753850;-0,04;-0,21;0,02
0,755849;-0,05;-0,20;0,03
0,759260;-0,04;-0,20;0,03
0,761456;-0,04;-0,19;0,03
0,763869;-0,04;-0,18;0,04
0,766094;-0,05;-0,18;0,04
0,769084;-0,04;-0,17;0,04
0,769982;-0,04;-0,17;0,05
0,772445;-0,05;-0,16;0,05
0,775510;-0,04;-0,16;0,06
0,780663;-0,03;-0,15;0,06
0,781502;-0,03;-0,14;0,07
0,781817;-0,02;-0,12;0,09
0,796145;-0,00;-0,10;0,12
0,796815;0,01;-0,10;0,14
0,797048;0,01;-0,12;0,15
0,797222;0,01;-0,14;0,15
0,797377;0,02;-0,16;0,14
0,797535;0,02;-0,17;0,13
0,797693;0,02;-0,17;0,11
0,800379;0,02;-0,16;0,10
0,802514;0,02;-0,15;0,09
0,804881;0,02;-0,14;0,08
0,808596;0,02;-0,13;0,07
0,810306;0,02;-0,12;0,07
0,812079;0,02;-0,11;0,07
0,814758;0,02;-0,11;0,08
0,818202;0,02;-0,10;0,08
0,819326;0,02;-0,10;0,09
0,820842;0,02;-0,10;0,09
0,823683;0,02;-0,11;0,09
0,825713;0,02;-0,11;0,09
0,828954;0,03;-0,12;0,09
0,830945;0,03;-0,12;0,09
0,834275;0,03;-0,12;0,09
0,835050;0,03;-0,13;0,09
0,837318;0,03;-0,13;0,09
0,840997;0,03;-0,13;0,09
0,843289;0,03;-0,13;0,09
0,844790;0,02;-0,13;0,09
0,848060;0,02;-0,12;0,10
0,849604;0,01;-0,12;0,10
0,851841;0,00;-0,11;0,11
0,854479;0,00;-0,11;0,11
0,857115;-0,00;-0,10;0,11
0,858918;-0,01;-0,09;0,11
0,860790;-0,02;-0,07;0,11
0,863780;-0,02;-0,06;0,11
0,865819;-0,03;-0,05;0,11
0,868690;-0,03;-0,03;0,11
0,871629;-0,03;-0,02;0,11
0,872250;-0,03;-0,01;0,10
0,878784;-0,03;0,01;0,10
0,879692;-0,04;0,02;0,09
0,880086;-0,03;0,03;0,08
0,881785;-0,03;0,04;0,08
0,894928;-0,03;0,04;0,07
0,895575;-0,03;0,05;0,06
0,895787;-0,02;0,05;0,05
0,895968;-0,02;0,05;0,04
0,896130;-0,01;0,05;0,03
0,896277;-0,00;0,05;0,02
0,898017;-0,00;0,05;0,01
0,900542;0,00;0,04;0,00
0,903024;0,01;0,04;-0,01
0,905413;0,02;0,03;-0,01
0,907789;0,03;0,03;-0,02
0,909597;0,03;0,02;-0,03
0,911916;0,03;0,01;-0,03
0,915072;0,03;0,01;-0,04
0,917762;0,04;0,00;-0,04
0,919697;0,04;-0,00;-0,04
0,921377;0,04;-0,01;-0,04
0,924704;0,03;-0,01;-0,04
0,927522;0,04;-0,01;-0,04
0,928362;0,03;-0,01;-0,04
0,930526;0,03;-0,01;-0,04
0,935487;0,03;0,00;-0,04
0,936302;0,03;0,01;-0,04
0,937898;0,02;0,02;-0,04
0,940979;0,02;0,03;-0,03
0,943950;0,01;0,04;-0,03
0,944899;0,00;0,06;-0,02
0,947029;-0,00;0,08;-0,02
0,949739;-0,01;0,09;-0,01
0,951972;-0,02;0,11;-0,01
0,953581;-0,02;0,12;-0,01
0,958011;-0,03;0,14;-0,01
0,958598;-0,03;0,15;-0,01
0,961335;-0,03;0,17;-0,01
0,963622;-0,04;0,18;-0,01
0,967007;-0,04;0,18;-0,02
0,969082;-0,03;0,19;-0,02
0,970829;-0,04;0,19;-0,03
0,974144;-0,04;0,20;-0,03
0,979724;-0,03;0,20;-0,04
0,980652;-0,03;0,20;-0,05
0,980963;-0,02;0,19;-0,06
0,982682;-0,02;0,19;-0,06
0,993779;-0,02;0,18;-0,07
0,994501;-0,02;0,18;-0,08
0,994738;-0,02;0,17;-0,09
0,994919;-0,01;0,16;-0,10
0,995081;-0,01;0,16;-0,11
0,995873;-0,01;0,15;-0,12
0,998305;-0,00;0,14;-0,13
1,000630;-0,00;0,14;-0,14
1,002624;-0,00;0,13;-0,15
1,005782;-0,00;0,13;-0,15
1,008029;-0,00;0,13;-0,16
1,009590;-0,01;0,14;-0,16
1,013238;-0,01;0,14;-0,16
1,014935;-0,01;0,15;-0,16
1,017988;-0,02;0,16;-0,16
1,019037;-0,03;0,17;-0,16
1,021761;-0,03;0,19;-0,15
1,024528;-0,04;0,20;-0,15
1,026611;-0,05;0,22;-0,14
1,029252;-0,06;0,23;-0,14
1,031611;-0,06;0,24;-0,13
1,034317;-0,07;0,26;-0,13
1,035237;-0,07;0,27;-0,12
1,039088;-0,08;0,27;-0,12
1,041037;-0,08;0,28;-0,11
1,042912;-0,09;0,29;-0,11
1,045505;-0,09;0,29;-0,11
1,047153;-0,09;0,29;-0,11
1,050811;-0,09;0,29;-0,10
1,051748;-0,08;0,29;-0,10
1,054950;-0,08;0,29;-0,10
1,057451;-0,08;0,29;-0,10
1,060372;-0,07;0,28;-0,10
1,061280;-0,06;0,27;-0,10
1,063499;-0,05;0,26;-0,11
1,066845;-0,04;0,25;-0,11
1,068337;-0,03;0,23;-0,11
1,070412;-0,03;0,22;-0,11
1,072823;-0,02;0,20;-0,10
1,077628;-0,01;0,18;-0,10
1,078409;0,01;0,17;-0,10
1,079981;0,02;0,14;-0,10
1,082824;0,02;0,13;-0,10
1,093608;0,03;0,11;-0,09
1,094384;0,04;0,09;-0,09
1,094671;0,04;0,07;-0,08
1,094905;0,05;0,06;-0,07
1,095124;0,05;0,04;-0,06
1,096626;0,05;0,03;-0,05
1,098257;0,05;0,01;-0,04
1,100974;0,05;0,00;-0,03
1,103234;0,05;-0,00;-0,02
1,105328;0,05;-0,00;-0,00
1,108407;0,04;-0,01;0,01
1,110034;0,03;-0,01;0,03
1,112967;0,02;-0,00;0,04
1,114982;0,02;0,00;0,05
1,117548;0,01;0,01;0,07
1,119797;0,01;0,01;0,08
1,121337;-0,00;0,02;0,09
1,125309;-0,02;0,03;0,10
1,126547;-0,02;0,04;0,12
1,129304;-0,03;0,05;0,13
1,132260;-0,04;0,05;0,14
1,134996;-0,05;0,06;0,14
1,135909;-0,05;0,07;0,15
1,138221;-0,05;0,07;0,15
1,141436;-0,06;0,07;0,16
1,143873;-0,06;0,07;0,16
1,145891;-0,06;0,07;0,16
1,147874;-0,06;0,06;0,16
1,150181;-0,06;0,06;0,16
1,152143;-0,05;0,05;0,15
1,154294;-0,05;0,04;0,15
1,158940;-0,04;0,02;0,15
1,159908;-0,03;0,01;0,14
1,161240;-0,03;-0,01;0,14
1,163880;-0,02;-0,03;0,14
1,167106;-0,01;-0,05;0,13
1,167981;0,00;-0,07;0,13
1,171693;0,01;-0,09;0,13
1,172386;0,02;-0,11;0,12
1,177444;0,03;-0,14;0,12
1,178308;0,04;-0,16;0,12
1,180421;0,05;-0,18;0,11
1,191156;0,06;-0,19;0,11
1,192099;0,07;-0,21;0,11
1,192349;0,07;-0,22;0,11
1,192583;0,08;-0,23;0,11
1,192781;0,08;-0,24;0,10
1,193851;0,08;-0,25;0,10
1,196171;0,09;-0,25;0,10
1,200100;0,09;-0,25;0,09
1,200723;0,09;-0,25;0,09
1,202925;0,08;-0,24;0,09
1,206281;0,08;-0,24;0,09
1,208928;0,08;-0,23;0,08
1,210867;0,08;-0,22;0,08
1,212812;0,07;-0,21;0,08
1,215511;0,07;-0,20;0,07
1,217707;0,06;-0,18;0,07
1,219820;0,06;-0,17;0,07
1,223468;0,05;-0,15;0,06
1,224053;0,04;-0,14;0,06
1,227329;0,04;-0,13;0,06
1,228517;0,03;-0,11;0,05
1,234118;0,02;-0,10;0,05
1,235030;0,02;-0,09;0,04
1,236818;0,01;-0,07;0,04
1,238697;0,00;-0,06;0,03
1,240946;-0,01;-0,05;0,02
1,242869;-0,01;-0,03;0,02
1,246117;-0,01;-0,02;0,01
1,248439;-0,02;-0,01;0,01
1,250644;-0,02;-0,00;-0,00
1,252347;-0,02;0,01;-0,01
1,255629;-0,02;0,01;-0,02
1,258250;-0,02;0,02;-0,02
1,259233;-0,02;0,03;-0,03
1,262242;-0,02;0,03;-0,03
1,264489;-0,02;0,03;-0,04
1,266898;-0,02;0,04;-0,05
1,268927;-0,02;0,04;-0,05
1,271028;-0,02;0,04;-0,06
1,278185;-0,01;0,04;-0,06
1,279040;-0,00;0,04;-0,07
1,279493;0,00;0,04;-0,07
1,280361;0,00;0,04;-0,08
1,292505;0,00;0,04;-0,08
1,294480;0,01;0,05;-0,08
1,295252;0,01;0,05;-0,09
1,295830;0,01;0,05;-0,09
1,296040;0,01;0,05;-0,09
1,296218;0,01;0,05;-0,09
1,296392;0,01;0,05;-0,10
1,299112;0,02;0,05;-0,10
1,301198;0,01;0,05;-0,10
1,303660;0,01;0,05;-0,10
1,305765;0,01;0,05;-0,10
1,308573;0,01;0,05;-0,10
1,310484;0,01;0,05;-0,11
1,313340;0,01;0,04;-0,11
1,317061;0,01;0,04;-0,11
1,317935;0,01;0,04;-0,11
1,320137;0,01;0,04;-0,11
1,322674;0,00;0,04;-0,10
1,325358;0,01;0,03;-0,10
1,326521;0,01;0,03;-0,10
1,329172;0,00;0,03;-0,10
1,334112;0,00;0,03;-0,09
1,335043;-0,01;0,02;-0,09
1,336557;-0,01;0,02;-0,08
1,339056;-0,01;0,02;-0,08
1,341162;-0,00;0,02;-0,07
1,342446;-0,01;0,01;-0,07
1,345363;-0,01;0,01;-0,07
1,348190;-0,01;0,01;-0,06
1,350481;-0,02;0,01;-0,06
1,352425;-0,02;0,01;-0,06
1,356261;-0,02;0,01;-0,05
1,356897;-0,02;0,02;-0,05
1,359798;-0,02;0,02;-0,05
1,361905;-0,02;0,02;-0,05
1,364814;-0,02;0,03;-0,04
1,366995;-0,02;0,03;-0,04
1,368713;-0,02;0,03;-0,04
1,370780;-0,02;0,04;-0,04
1,378626;-0,02;0,04;-0,04
1,379635;-0,02;0,04;-0,04
1,380012;-0,02;0,04;-0,04
1,380336;-0,02;0,05;-0,04
1,383760;-0,02;0,05;-0,04
1,396392;-0,02;0,06;-0,04
1,397063;-0,02;0,06;-0,04
1,397270;-0,01;0,07;-0,04
1,397440;-0,01;0,07;-0,04
1,397586;-0,01;0,07;-0,04
1,397749;-0,01;0,07;-0,04
1,398948;-0,01;0,07;-0,03
1,401293;-0,01;0,07;-0,04
1,402606;-0,00;0,07;-0,03
1,405994;-0,00;0,06;-0,03
1,408121;-0,00;0,06;-0,03
1,410320;0,00;0,05;-0,03
1,412571;0,01;0,05;-0,02
1,416970;0,01;0,04;-0,02
1,417497;0,01;0,04;-0,02
1,419905;0,01;0,03;-0,02
1,423899;0,01;0,03;-0,01
1,424606;0,02;0,02;-0,01
1,426420;0,01;0,02;-0,00
1,428744;0,01;0,01;-0,00
1,431555;0,02;0,01;0,00
1,433583;0,01;0,01;0,01
1,435975;0,01;0,00;0,01
1,438118;0,01;0,00;0,02
1,440753;0,01;0,01;0,02
1,442483;0,00;0,00;0,02
1,446557;-0,00;0,01;0,03
1,448870;0,00;0,01;0,03
1,449891;-0,00;0,01;0,03
1,452463;-0,01;0,02;0,03
1,456242;-0,01;0,02;0,04
1,459200;-0,01;0,03;0,04
1,460394;-0,01;0,03;0,04
1,463279;-0,01;0,03;0,04
1,463925;-0,01;0,04;0,04
1,466564;-0,01;0,04;0,04
1,468811;-0,01;0,04;0,04
1,470998;-0,01;0,04;0,04
1,478542;-0,01;0,04;0,04
1,479505;-0,01;0,04;0,04
1,483614;-0,01;0,04;0,04
1,484367;-0,01;0,04;0,04
1,484847;0,00;0,04;0,04
1,485236;0,00;0,03;0,04
1,498405;0,01;0,02;0,04
1,499261;0,01;0,01;0,04
1,499733;0,02;0,00;0,03
1,500019;0,02;-0,01;0,03
1,500239;0,03;-0,01;0,03
1,500448;0,03;-0,02;0,03
1,501799;0,04;-0,03;0,02
1,503715;0,04;-0,03;0,02
1,506645;0,04;-0,04;0,02
1,509303;0,05;-0,04;0,02
1,511187;0,05;-0,04;0,02
1,514084;0,05;-0,04;0,01
1,516309;0,05;-0,04;0,01
1,518423;0,05;-0,05;0,01
1,520253;0,05;-0,05;0,01
1,523236;0,05;-0,04;0,01
1,525608;0,04;-0,04;0,01
1,526988;0,04;-0,04;0,02
1,529960;0,03;-0,03;0,02
1,532686;0,03;-0,03;0,02
1,534835;0,02;-0,02;0,02
1,537431;0,02;-0,01;0,02
1,541613;0,01;-0,01;0,02
1,542478;0,01;0,00;0,02
1,542853;0,00;0,01;0,02
1,545817;-0,00;0,02;0,02
1,548456;-0,01;0,03;0,03
1,550737;-0,01;0,04;0,03
1,553151;-0,02;0,05;0,03
1,556391;-0,02;0,06;0,03
1,557258;-0,03;0,07;0,03
1,559797;-0,03;0,08;0,03
1,563082;-0,03;0,09;0,02
1,565913;-0,04;0,10;0,02
1,566737;-0,04;0,10;0,02
1,570044;-0,04;0,11;0,02
1,572096;-0,04;0,11;0,01
1,577251;-0,03;0,11;0,01
1,578112;-0,03;0,11;0,00
1,578543;-0,03;0,10;-0,00
1,581548;-0,02;0,10;-0,00
1,595619;-0,02;0,09;-0,01
1,596307;-0,02;0,08;-0,01
1,596519;-0,01;0,08;-0,01
1,596702;-0,00;0,07;-0,01
1,596895;-0,00;0,06;-0,01
1,597084;0,00;0,05;-0,02
1,597266;0,00;0,04;-0,02
1,600166;0,01;0,03;-0,02
1,602452;0,01;0,02;-0,02
1,603616;0,01;0,01;-0,02
1,607814;0,02;0,01;-0,01
1,608682;0,02;-0,00;-0,01
1,611742;0,02;-0,01;-0,01
1,615759;0,02;-0,02;-0,01
1,616636;0,02;-0,02;-0,01
1,618724;0,02;-0,02;-0,01
1,621361;0,02;-0,03;-0,01
1,624627;0,02;-0,02;-0,01
1,625430;0,02;-0,02;-0,01
1,626981;0,01;-0,02;-0,01
1,629331;0,01;-0,02;-0,01
1,631978;0,01;-0,02;-0,01
1,634872;0,01;-0,02;-0,01
1,636247;0,01;-0,01;-0,01
1,640275;0,00;-0,01;-0,01
1,641110;0,00;-0,01;-0,01
1,642973;-0,00;-0,01;-0,01
1,646386;-0,00;-0,01;-0,01
1,649319;-0,00;-0,01;-0,01
1,651356;-0,00;-0,01;-0,01
1,653326;-0,00;-0,01;-0,01
1,657635;-0,00;-0,01;-0,01
1,658537;-0,01;-0,02;-0,00
1,660436;-0,00;-0,02;0,00
1,662962;-0,01;-0,02;0,00
1,665710;-0,01;-0,02;0,01
1,667074;-0,01;-0,02;0,01
1,668674;-0,01;-0,03;0,01
1,675669;-0,01;-0,03;0,01
1,676474;-0,00;-0,03;0,01
1,676918;-0,01;-0,04;0,01
1,678670;-0,00;-0,04;0,01
1,691341;-0,00;-0,04;0,01
1,692030;-0,00;-0,05;0,01
1,692503;0,00;-0,05;0,01
1,692701;0,00;-0,06;0,01
1,692836;0,00;-0,06;0,01
1,692947;0,00;-0,07;0,01
1,695098;0,00;-0,07;0,01
1,697383;0,00;-0,07;0,01
1,699160;0,01;-0,08;0,01
1,701754;0,01;-0,08;0,01
1,703590;0,01;-0,08;0,01
1,706116;0,01;-0,08;0,02
1,708599;0,01;-0,08;0,01
1,711469;0,01;-0,08;0,01
1,713771;0,01;-0,08;0,01
1,716303;0,01;-0,08;0,01
1,717774;0,01;-0,08;0,01
1,720065;0,01;-0,08;0,01
1,722442;0,01;-0,08;0,01
1,724788;0,01;-0,08;0,01
1,728878;0,01;-0,08;0,00
1,731065;0,01;-0,07;0,00
1,732001;0,01;-0,07;0,00
1,735694;0,01;-0,07;-0,00
1,738033;0,01;-0,07;-0,00
1,740870;0,02;-0,07;-0,00
1,741729;0,01;-0,06;-0,00
1,743522;0,01;-0,06;-0,00
1,749053;0,01;-0,06;-0,00
1,749990;0,01;-0,06;-0,00
1,750727;0,01;-0,06;-0,00
1,753142;0,01;-0,05;-0,01
1,756739;0,01;-0,05;-0,01
1,757687;0,00;-0,05;-0,01
1,760152;0,00;-0,05;-0,01
1,763662;0,00;-0,04;-0,01
1,766670;0,01;-0,04;-0,01
1,767584;0,00;-0,04;-0,01
1,770317;0,00;-0,04;-0,02
1,775672;0,00;-0,03;-0,02
1,776555;0,00;-0,03;-0,02
1,776949;-0,00;-0,02;-0,02
1,779205;-0,00;-0,02;-0,02
1,789974;-0,00;-0,02;-0,02
1,790652;-0,00;-0,02;-0,02
1,790919;-0,00;-0,01;-0,02
1,791136;-0,00;-0,02;-0,02
1,791411;-0,00;-0,01;-0,02
1,792426;-0,00;-0,01;-0,02
1,795056;-0,00;-0,02;-0,02
1,797666;0,00;-0,02;-0,02
1,800110;0,00;-0,01;-0,03
1,801974;0,00;-0,02;-0,03
1,804924;0,01;-0,02;-0,03
1,806799;0,01;-0,02;-0,03
1,809556;0,01;-0,02;-0,03
1,811191;0,01;-0,02;-0,04
1,813854;0,02;-0,03;-0,04
1,815788;0,02;-0,03;-0,04
1,818310;0,03;-0,04;-0,04
1,820597;0,03;-0,04;-0,05
1,823306;0,03;-0,04;-0,05
1,825439;0,04;-0,05;-0,05
1,828147;0,04;-0,05;-0,06
1,831499;0,05;-0,05;-0,06
1,832339;0,05;-0,06;-0,06
1,834335;0,05;-0,06;-0,07
1,838348;0,05;-0,06;-0,07
1,840431;0,05;-0,07;-0,07
1,842285;0,05;-0,07;-0,08
1,843345;0,05;-0,07;-0,08
1,847269;0,05;-0,07;-0,08
1,848362;0,05;-0,07;-0,08
1,851648;0,04;-0,07;-0,08
1,854185;0,04;-0,06;-0,08
1,856363;0,04;-0,06;-0,08
1,857736;0,03;-0,05;-0,08
1,861371;0,02;-0,05;-0,08
1,864737;0,02;-0,04;-0,08
1,865574;0,02;-0,03;-0,08
1,867757;0,01;-0,02;-0,08
1,870231;0,01;-0,01;-0,08
1,872592;0,00;0,01;-0,08
1,874313;0,00;0,02;-0,08
1,877226;-0,00;0,03;-0,08
1,879683;-0,00;0,04;-0,08
1,884122;-0,00;0,05;-0,08
1,885029;-0,00;0,06;-0,08
1,887641;0,00;0,06;-0,08
1,899790;0,00;0,07;-0,08
1,900522;0,00;0,07;-0,08
1,900758;0,01;0,08;-0,08
1,900932;0,01;0,09;-0,09
1,901089;0,01;0,09;-0,09
1,901260;0,02;0,09;-0,09
1,902244;0,02;0,09;-0,09
1,904813;0,02;0,09;-0,09
1,906638;0,03;0,09;-0,09
1,909061;0,03;0,09;-0,09
1,911274;0,03;0,09;-0,10
1,914997;0,04;0,09;-0,10
1,916201;0,04;0,09;-0,10
1,918352;0,04;0,09;-0,11
1,921677;0,04;0,09;-0,11
1,923683;0,05;0,09;-0,11
1,925267;0,05;0,08;-0,12
1,928508;0,05;0,08;-0,12
1,930266;0,05;0,07;-0,12
1,932312;0,05;0,07;-0,12
1,935173;0,05;0,06;-0,12
1,938684;0,06;0,06;-0,12
1,939605;0,06;0,05;-0,12
1,941726;0,05;0,05;-0,12
1,943556;0,06;0,05;-0,12
1,946850;0,06;0,04;-0,12
1,949321;0,06;0,04;-0,12
1,951610;0,05;0,04;-0,11
1,953862;0,05;0,03;-0,11
1,956646;0,05;0,03;-0,11
1,958533;0,05;0,03;-0,10
1,959883;0,05;0,03;-0,10
1,964474;0,05;0,03;-0,09
1,965432;0,04;0,03;-0,09
1,967699;0,04;0,03;-0,08
1,970183;0,04;0,03;-0,08
1,973067;0,04;0,03;-0,07
1,974466;0,04;0,03;-0,07
1,977654;0,04;0,03;-0,06
1,984835;0,03;0,03;-0,05
1,985880;0,03;0,03;-0,05
1,986356;0,03;0,02;-0,04
1,986905;0,02;0,02;-0,04
2,000638;0,02;0,03;-0,03
2,001462;0,01;0,03;-0,03
2,001699;0,01;0,03;-0,03
2,001862;0,00;0,03;-0,02
2,001990;0,00;0,03;-0,02
2,002111;0,00;0,03;-0,02
2,002362;-0,00;0,03;-0,01
2,004444;-0,00;0,04;-0,01
2,006951;-0,00;0,04;-0,01
2,008733;-0,00;0,04;-0,01
2,013986;-0,00;0,04;-0,01
2,014784;-0,00;0,04;-0,01
2,016989;-0,00;0,04;-0,01
2,019196;-0,00;0,03;-0,01
2,023026;-0,00;0,03;-0,01
2,023839;0,00;0,02;-0,01
2,026180;-0,00;0,02;-0,01
2,029030;0,00;0,01;-0,01
2,031227;0,01;0,01;-0,01
2,032592;0,01;-0,00;-0,01
2,035838;0,01;-0,01;-0,01
2,038010;0,02;-0,02;-0,00
2,039573;0,02;-0,03;-0,00
2,041903;0,03;-0,04;0,00
2,044154;0,03;-0,05;0,00
2,046842;0,04;-0,05;0,01
2,048798;0,04;-0,06;0,01
2,051154;0,05;-0,07;0,01
2,054982;0,05;-0,07;0,02
2,055787;0,05;-0,07;0,02
2,058613;0,05;-0,08;0,03
2,060429;0,06;-0,08;0,03
2,063026;0,06;-0,07;0,04
2,064373;0,05;-0,07;0,04
2,067874;0,05;-0,07;0,05
2,071621;0,05;-0,06;0,05
2,072168;0,05;-0,05;0,05
2,078074;0,05;-0,04;0,05
2,084328;0,05;-0,03;0,05
2,084702;0,05;-0,02;0,05
2,084920;0,05;-0,02;0,05
2,085124;0,05;-0,01;0,05
2,092271;0,05;-0,00;0,05
2,092820;0,05;0,01;0,05
2,093014;0,05;0,01;0,04
2,093177;0,05;0,01;0,04
2,095757;0,05;0,02;0,04
2,097801;0,05;0,02;0,04
2,100268;0,05;0,03;0,04
2,103032;0,05;0,03;0,04
2,105313;0,06;0,03;0,04
2,107698;0,06;0,03;0,04
2,109496;0,06;0,03;0,04
2,112492;0,06;0,02;0,03
2,114678;0,06;0,02;0,03
2,117153;0,06;0,02;0,03
2,118926;0,06;0,01;0,04
2,121165;0,06;0,01;0,04
2,122617;0,06;0,01;0,04
2,125857;0,06;0,01;0,04
2,129024;0,05;0,00;0,04
2,130736;0,06;-0,00;0,05
2,133285;0,05;-0,00;0,05
2,135964;0,05;-0,01;0,05
2,138043;0,05;-0,01;0,05
2,139877;0,05;-0,01;0,06
2,142051;0,04;-0,02;0,06
2,145141;0,04;-0,02;0,06
2,147556;0,04;-0,02;0,06
2,149564;0,04;-0,03;0,06
2,151754;0,04;-0,04;0,06
2,154138;0,03;-0,05;0,06
2,156554;0,03;-0,05;0,06
2,158782;0,03;-0,06;0,06
2,161242;0,03;-0,06;0,06
2,163541;0,02;-0,07;0,06
2,164510;0,02;-0,07;0,06
2,169001;0,01;-0,07;0,06
2,171988;0,01;-0,06;0,05
2,172835;0,00;-0,06;0,05
2,174373;-0,00;-0,05;0,05
2,177461;-0,01;-0,04;0,04
2,182928;-0,01;-0,03;0,03
2,183901;-0,02;-0,02;0,02
2,184214;-0,03;-0,01;0,01
2,197463;-0,03;0,00;0,01
2,198234;-0,03;0,01;-0,00
2,198539;-0,04;0,02;-0,01
2,198774;-0,04;0,03;-0,02
2,198991;-0,05;0,03;-0,03
2,199205;-0,05;0,04;-0,03
2,200286;-0,05;0,05;-0,04
2,203977;-0,06;0,05;-0,05
2,204613;-0,07;0,06;-0,05
2,207437;-0,07;0,06;-0,06
2,210529;-0,08;0,06;-0,06
2,212483;-0,08;0,07;-0,07
2,214081;-0,08;0,07;-0,08
2,216231;-0,08;0,08;-0,09
2,220177;-0,08;0,08;-0,09
2,220723;-0,08;0,08;-0,10
2,224198;-0,08;0,08;-0,11
2,226330;-0,08;0,08;-0,11
2,229751;-0,08;0,08;-0,12
2,230566;-0,07;0,08;-0,13
2,232973;-0,07;0,08;-0,14
2,235733;-0,06;0,08;-0,14
2,238002;-0,05;0,07;-0,15
2,239762;-0,05;0,07;-0,16
2,242850;-0,05;0,06;-0,16
2,244969;-0,04;0,05;-0,17
2,247091;-0,04;0,04;-0,18
2,249800;-0,03;0,04;-0,18
2,251569;-0,03;0,03;-0,18
2,254111;-0,03;0,03;-0,18
2,256088;-0,02;0,02;-0,19
2,258935;-0,03;0,02;-0,19
2,261989;-0,02;0,01;-0,19
2,264622;-0,02;0,01;-0,19
2,265319;-0,03;0,01;-0,20
2,267911;-0,04;0,00;-0,20
2,270687;-0,04;0,00;-0,20
2,272442;-0,04;0,00;-0,20
2,275131;-0,04;-0,00;-0,20
2,278289;-0,04;-0,01;-0,20
2,283610;-0,04;-0,01;-0,20
2,284536;-0,04;-0,01;-0,20
2,284953;-0,05;0,00;-0,20
2,287853;-0,05;0,01;-0,20
2,300879;-0,06;0,02;-0,19
2,301519;-0,06;0,04;-0,19
2,301765;-0,07;0,05;-0,19
2,301982;-0,08;0,06;-0,19
2,302157;-0,08;0,08;-0,19
2,302318;-0,09;0,09;-0,19
2,302499;-0,09;0,10;-0,19
2,305419;-0,08;0,11;-0,19
2,307494;-0,09;0,11;-0,19
2,310446;-0,09;0,12;-0,19
2,312130;-0,09;0,13;-0,19
2,314021;-0,09;0,14;-0,18
2,316615;-0,09;0,14;-0,18
2,321016;-0,09;0,14;-0,18
2,321809;-0,09;0,14;-0,17
2,323975;-0,08;0,14;-0,17
2,326058;-0,08;0,14;-0,16
2,328905;-0,08;0,14;-0,16
2,330740;-0,07;0,13;-0,15
2,332958;-0,06;0,12;-0,15
2,335689;-0,06;0,12;-0,14
2,337933;-0,05;0,11;-0,13
2,340491;-0,04;0,10;-0,12
2,343505;-0,04;0,09;-0,12
2,345075;-0,03;0,09;-0,11
2,346995;-0,03;0,08;-0,09
2,349902;-0,02;0,08;-0,09
2,352690;-0,02;0,08;-0,07
2,355116;-0,02;0,07;-0,06
2,356140;-0,02;0,08;-0,05
2,358667;-0,02;0,08;-0,04
2,362295;-0,02;0,08;-0,02
2,363432;-0,02;0,09;-0,01
2,364911;-0,02;0,09;0,00
2,368810;-0,02;0,10;0,01
2,371171;-0,01;0,10;0,03
2,372538;-0,02;0,11;0,04
2,374709;-0,02;0,12;0,05
2,377936;-0,02;0,14;0,06
2,383904;-0,02;0,15;0,07
2,384780;-0,02;0,16;0,08
2,385443;-0,03;0,18;0,09
2,400751;-0,04;0,20;0,10
2,401337;-0,04;0,22;0,10
2,401559;-0,05;0,24;0,11
2,401730;-0,05;0,26;0,12
2,401879;-0,06;0,29;0,12
2,402012;-0,06;0,31;0,12
2,402137;-0,07;0,34;0,12
2,402636;-0,07;0,36;0,12
2,404611;-0,07;0,39;0,11
2,407629;-0,07;0,41;0,10
2,410579;-0,07;0,42;0,09
2,412867;-0,07;0,44;0,08
2,414699;-0,07;0,45;0,07
2,417102;-0,07;0,46;0,06
2,420770;-0,07;0,47;0,05
2,421468;-0,06;0,48;0,04
2,424604;-0,06;0,49;0,03
2,426021;-0,06;0,50;0,01
2,428834;-0,05;0,51;-0,00
2,431109;-0,05;0,52;-0,01
2,433641;-0,05;0,53;-0,02
2,438115;-0,05;0,54;-0,04
2,438998;-0,05;0,55;-0,05
2,440211;-0,05;0,55;-0,06
2,442226;-0,05;0,55;-0,07
2,445710;-0,05;0,56;-0,08
2,447634;-0,05;0,55;-0,09
2,449817;-0,05;0,55;-0,10
2,452562;-0,05;0,54;-0,11
2,454593;-0,05;0,54;-0,11
2,456299;-0,05;0,53;-0,12
2,458714;-0,05;0,52;-0,12
2,461740;-0,06;0,51;-0,12
2,463162;-0,06;0,50;-0,12
2,466938;-0,06;0,48;-0,12
2,468925;-0,06;0,47;-0,12
2,471098;-0,07;0,46;-0,12
2,472752;-0,07;0,45;-0,12
2,475824;-0,08;0,44;-0,12
2,481253;-0,07;0,42;-0,11
2,481993;-0,07;0,41;-0,11
2,482299;-0,07;0,40;-0,10
2,484860;-0,07;0,39;-0,10
2,497846;-0,07;0,38;-0,09
2,498625;-0,06;0,36;-0,08
2,498872;-0,06;0,35;-0,07
2,499066;-0,06;0,34;-0,06
2,499234;-0,06;0,32;-0,06
2,499435;-0,05;0,31;-0,05
2,501781;-0,05;0,29;-0,04
2,503166;-0,05;0,27;-0,02
2,504721;-0,04;0,25;-0,01
2,508379;-0,04;0,23;0,00
2,511771;-0,04;0,21;0,01
2,512377;-0,04;0,19;0,03
2,515155;-0,04;0,17;0,04
2,516949;-0,04;0,15;0,05
2,519576;-0,04;0,13;0,07
2,522188;-0,04;0,12;0,08
2,524059;-0,04;0,10;0,10
2,526554;-0,04;0,09;0,11
2,528893;-0,04;0,07;0,12
2,531900;-0,05;0,06;0,13
2,532859;-0,05;0,05;0,14
2,536186;-0,05;0,03;0,15
2,537913;-0,05;0,02;0,16
2,541419;-0,05;0,01;0,16
2,542929;-0,05;-0,01;0,17
2,545844;-0,05;-0,02;0,18
2,547493;-0,06;-0,03;0,18
2,550809;-0,06;-0,05;0,18
2,553358;-0,06;-0,06;0,19
2,554209;-0,05;-0,07;0,19
2,557041;-0,05;-0,08;0,19
2,559164;-0,05;-0,09;0,19
2,561608;-0,05;-0,10;0,18
2,563766;-0,05;-0,11;0,18
2,565487;-0,05;-0,11;0,18
2,569262;-0,05;-0,12;0,18
2,574622;-0,05;-0,12;0,17
2,575596;-0,04;-0,13;0,17
2,575890;-0,03;-0,13;0,17
2,588610;-0,04;-0,13;0,16
2,589218;-0,03;-0,13;0,16
2,589403;-0,04;-0,13;0,15
2,589564;-0,03;-0,14;0,14
2,589706;-0,02;-0,14;0,14
2,589840;-0,02;-0,14;0,13
2,591240;-0,02;-0,14;0,12
2,594244;-0,01;-0,14;0,11
2,596435;-0,01;-0,14;0,10
2,598299;-0,00;-0,14;0,09
2,600549;-0,00;-0,14;0,08
2,603350;-0,00;-0,14;0,07
2,605425;0,00;-0,14;0,06
2,608223;0,00;-0,14;0,06
2,610913;0,00;-0,14;0,05
2,612658;-0,00;-0,14;0,05
2,614613;-0,00;-0,14;0,04
2,618377;-0,00;-0,13;0,04
2,620995;-0,01;-0,13;0,04
2,621773;-0,01;-0,12;0,03
2,624238;-0,01;-0,11;0,03
2,627824;-0,01;-0,11;0,03
2,628506;-0,02;-0,10;0,02
2,631015;-0,02;-0,10;0,02
2,633244;-0,02;-0,09;0,01
2,636088;-0,02;-0,09;0,01
2,638793;-0,02;-0,09;0,00
2,641035;-0,02;-0,09;-0,00
2,643225;-0,02;-0,10;-0,01
2,645007;-0,01;-0,10;-0,01
2,647543;-0,01;-0,11;-0,02
2,650900;-0,01;-0,11;-0,02
2,653219;-0,00;-0,12;-0,03
2,654948;0,00;-0,13;-0,04
2,656699;0,01;-0,14;-0,04
2,659924;0,01;-0,15;-0,05
2,661718;0,02;-0,16;-0,06
2,664528;0,03;-0,18;-0,07
2,666119;0,04;-0,19;-0,07
2,669553;0,04;-0,20;-0,08
2,670683;0,04;-0,21;-0,09
2,673253;0,05;-0,22;-0,10
2,675916;0,05;-0,23;-0,10
2,680566;0,05;-0,24;-0,11
2,681367;0,05;-0,25;-0,11
2,682359;0,05;-0,25;-0,11
2,697538;0,05;-0,26;-0,12
2,698344;0,04;-0,26;-0,12
2,698606;0,04;-0,26;-0,12
2,698800;0,04;-0,26;-0,12
2,698956;0,03;-0,26;-0,11
2,699116;0,03;-0,26;-0,11
2,699281;0,02;-0,26;-0,11
2,701254;0,02;-0,25;-0,10
2,703257;0,01;-0,25;-0,10
2,705378;0,01;-0,25;-0,10
2,709527;0,01;-0,24;-0,10
2,709961;0,00;-0,24;-0,10
2,712488;0,00;-0,23;-0,10
2,714439;-0,00;-0,23;-0,09
2,718490;-0,00;-0,23;-0,09
2,720453;-0,00;-0,22;-0,09
2,721906;-0,01;-0,22;-0,09
2,725609;-0,01;-0,21;-0,09
2,727952;-0,01;-0,21;-0,09
2,729029;-0,01;-0,20;-0,09
2,731706;-0,01;-0,20;-0,10
2,734331;-0,01;-0,20;-0,10
2,736478;-0,01;-0,19;-0,10
2,738895;-0,01;-0,19;-0,10
2,740509;-0,01;-0,18;-0,10
2,742871;-0,01;-0,18;-0,09
2,745302;-0,01;-0,18;-0,09
2,748658;-0,01;-0,18;-0,09
2,749634;-0,00;-0,17;-0,08
2,752698;-0,00;-0,17;-0,08
2,754181;-0,00;-0,16;-0,07
2,757941;-0,01;-0,16;-0,07
2,760693;-0,00;-0,15;-0,07
2,761862;-0,00;-0,14;-0,07
2,763903;-0,00;-0,13;-0,07
2,766825;0,00;-0,12;-0,06
2,769219;-0,00;-0,11;-0,06
2,770753;0,00;-0,10;-0,06
2,773239;0,00;-0,09;-0,06
2,777238;0,01;-0,08;-0,05
2,778019;0,01;-0,07;-0,05
2,780272;0,00;-0,06;-0,05
2,783177;-0,00;-0,04;-0,04
2,788426;-0,01;-0,03;-0,04
2,789275;-0,01;-0,02;-0,03
2,789583;-0,01;-0,01;-0,03
2,792078;-0,01;0,00;-0,02
2,801550;-0,01;0,01;-0,02
2,802164;-0,01;0,02;-0,01
2,802390;-0,01;0,03;-0,01
2,802569;-0,01;0,03;0,00
2,803218;-0,01;0,04;0,01
2,805125;-0,01;0,04;0,01
2,808340;-0,01;0,04;0,02
2,810589;-0,00;0,04;0,02
2,813181;-0,00;0,04;0,03
2,815124;-0,00;0,03;0,03
2,818212;0,00;0,03;0,03
2,820497;0,01;0,03;0,04
2,822100;0,01;0,03;0,04
2,824670;0,01;0,03;0,05
2,827148;0,01;0,03;0,05
2,829109;0,01;0,03;0,06
2,831583;0,02;0,03;0,06
2,834389;0,02;0,03;0,06
2,836540;0,02;0,03;0,07
2,838473;0,02;0,04;0,07
2,840935;0,02;0,05;0,07
2,844153;0,03;0,05;0,07
2,845094;0,03;0,06;0,08
2,848089;0,03;0,07;0,08
2,849229;0,02;0,08;0,08
2,852584;0,02;0,09;0,08
2,855564;0,02;0,10;0,08
2,858058;0,02;0,11;0,07
2,860918;0,02;0,12;0,07
2,861730;0,02;0,13;0,07
2,864049;0,02;0,14;0,06
2,866453;0,02;0,15;0,06
2,869252;0,01;0,16;0,06
2,871549;0,01;0,17;0,05
2,873609;0,01;0,18;0,05
2,877380;0,01;0,19;0,04
2,878167;0,02;0,19;0,04
2,880070;0,01;0,20;0,03
2,882957;0,01;0,20;0,03
2,887655;0,01;0,20;0,02
2,888446;0,01;0,20;0,01
2,889759;0,02;0,19;0,01
2,905207;0,02;0,19;0,00
2,905948;0,02;0,19;-0,01
2,906173;0,02;0,18;-0,01
2,906349;0,02;0,17;-0,02
2,906517;0,03;0,16;-0,02
2,906697;0,03;0,14;-0,03
2,906880;0,03;0,13;-0,03
2,908772;0,03;0,12;-0,03
2,910229;0,03;0,11;-0,04
2,914070;0,03;0,09;-0,04
2,915573;0,03;0,08;-0,04
2,918471;0,03;0,07;-0,04
2,920096;0,03;0,05;-0,04
2,922217;0,02;0,05;-0,04
2,926120;0,02;0,03;-0,04
2,928880;0,02;0,03;-0,03
2,929561;0,02;0,02;-0,03
2,932367;0,02;0,01;-0,03
2,934692;0,01;0,01;-0,02
2,936656;0,01;0,01;-0,02
2,938946;0,00;0,00;-0,01
2,941789;-0,00;-0,01;-0,01
2,944078;0,00;-0,01;-0,01
2,945225;-0,00;-0,02;-0,00
2,949559;-0,01;-0,02;0,00
2,951940;-0,01;-0,03;0,01
2,952869;-0,01;-0,03;0,01
2,954419;-0,01;-0,03;0,02
2,958809;-0,01;-0,04;0,02
2,959569;-0,02;-0,04;0,03
2,962219;-0,02;-0,04;0,03
2,964694;-0,03;-0,04;0,04
2,968227;-0,03;-0,03;0,04
2,969050;-0,04;-0,03;0,04
2,971598;-0,04;-0,02;0,04
2,974309;-0,04;-0,02;0,04
2,976222;-0,05;-0,01;0,04
2,978270;-0,05;-0,00;0,04
2,981305;-0,05;0,01;0,04
2,984120;-0,06;0,01;0,04
2,989869;-0,06;0,03;0,04
2,990674;-0,06;0,03;0,04
2,991022;-0,06;0,04;0,04
3,002651;-0,06;0,05;0,04
3,003445;-0,06;0,06;0,03
3,003907;-0,06;0,06;0,02
3,004139;-0,05;0,07;0,02
3,004324;-0,05;0,08;0,01
3,004506;-0,04;0,08;-0,00
3,005881;-0,04;0,09;-0,01
3,009272;-0,03;0,10;-0,02
3,010703;-0,02;0,10;-0,03
3,013957;-0,02;0,11;-0,04
3,016378;-0,02;0,11;-0,05
3,017837;-0,01;0,11;-0,06
3,020549;-0,01;0,12;-0,07
3,022449;-0,00;0,12;-0,08
3,027591;-0,00;0,12;-0,09
3,028486;-0,01;0,12;-0,09
3,029393;-0,00;0,12;-0,10
3,032314;-0,01;0,12;-0,10
3,035165;-0,00;0,11;-0,11
3,037553;-0,00;0,11;-0,11
3,038707;-0,01;0,11;-0,12
3,041999;-0,01;0,10;-0,12
3,044052;-0,01;0,10;-0,13
3,045371;-0,01;0,10;-0,13
3,049533;-0,01;0,09;-0,13
3,052372;-0,02;0,08;-0,14
3,053001;-0,02;0,08;-0,14
3,055785;-0,02;0,07;-0,14
3,058740;-0,02;0,07;-0,14
3,061667;-0,02;0,06;-0,14
3,062300;-0,02;0,05;-0,14
3,064479;-0,02;0,05;-0,15
3,069236;-0,03;0,04;-0,15
3,070341;-0,03;0,03;-0,15
3,071317;-0,03;0,02;-0,15
3,074585;-0,03;0,01;-0,15
3,076631;-0,02;0,01;-0,15
3,077751;-0,02;-0,00;-0,15
3,081421;-0,03;-0,01;-0,15
3,084175;-0,02;-0,02;-0,15
3,088733;-0,01;-0,02;-0,15
3,089308;-0,01;-0,03;-0,15
3,091682;-0,01;-0,04;-0,15
3,105850;-0,00;-0,04;-0,14
3,106564;0,00;-0,05;-0,14
3,106847;0,00;-0,06;-0,14
3,107059;0,01;-0,07;-0,14
3,107252;0,02;-0,07;-0,13
3,107569;0,02;-0,08;-0,13
3,107770;0,02;-0,08;-0,12
3,109743;0,03;-0,08;-0,12
3,111723;0,04;-0,08;-0,12
3,113778;0,04;-0,09;-0,11
3,116044;0,04;-0,09;-0,10
3,118015;0,04;-0,09;-0,10
3,120591;0,05;-0,09;-0,09
3,123033;0,05;-0,10;-0,08
3,125442;0,05;-0,10;-0,07
3,126980;0,05;-0,10;-0,06
3,130025;0,05;-0,10;-0,04
3,133596;0,05;-0,11;-0,04
3,136470;0,05;-0,11;-0,02
3,136998;0,05;-0,12;-0,02
3,139657;0,05;-0,12;-0,01
3,144049;0,05;-0,12;0,00
3,144742;0,05;-0,13;0,01
3,145763;0,05;-0,13;0,01
3,149725;0,05;-0,13;0,02
3,150521;0,04;-0,14;0,03
3,153403;0,04;-0,14;0,03
3,154818;0,04;-0,14;0,04
3,158656;0,03;-0,15;0,04
3,161392;0,03;-0,15;0,05
3,162496;0,02;-0,15;0,05
3,165108;0,02;-0,15;0,05
3,169170;0,01;-0,15;0,05
3,169886;0,00;-0,15;0,06
3,172290;-0,00;-0,14;0,06
3,173228;-0,01;-0,14;0,06
3,176836;-0,01;-0,14;0,06
3,179151;-0,01;-0,14;0,06
3,180747;-0,02;-0,14;0,06
3,184052;-0,02;-0,14;0,06
3,189593;-0,02;-0,14;0,06
3,190248;-0,02;-0,15;0,06
3,190633;-0,02;-0,15;0,06
3,209268;-0,02;-0,16;0,06
3,209947;-0,02;-0,16;0,06
3,210200;-0,02;-0,16;0,07
3,210401;-0,02;-0,17;0,07
3,210586;-0,02;-0,17;0,07
3,210762;-0,02;-0,17;0,07
3,210948;-0,02;-0,17;0,07
3,211130;-0,02;-0,17;0,08
3,211335;-0,03;-0,17;0,08
3,213971;-0,03;-0,16;0,09
3,215924;-0,03;-0,15;0,09
3,217798;-0,04;-0,15;0,10
3,221189;-0,04;-0,13;0,11
3,222818;-0,05;-0,12;0,11
3,226507;-0,05;-0,11;0,12
3,227591;-0,06;-0,10;0,12
3,229430;-0,06;-0,09;0,13
3,233726;-0,07;-0,07;0,13
3,235805;-0,07;-0,06;0,13
3,236530;-0,07;-0,05;0,13
3,239507;-0,07;-0,04;0,13
3,243892;-0,07;-0,04;0,12
3,244634;-0,07;-0,03;0,12
3,245818;-0,07;-0,02;0,11
3,249881;-0,06;-0,01;0,11
3,250740;-0,06;-0,00;0,10
3,254281;-0,05;0,00;0,09
3,254993;-0,05;0,00;0,08
3,259002;-0,04;0,01;0,07
3,259961;-0,03;0,01;0,06
3,263499;-0,03;0,01;0,05
3,265420;-0,02;0,00;0,04
3,268064;-0,01;0,00;0,03
3,269189;-0,00;-0,01;0,02
3,273026;0,00;-0,01;0,01
3,275941;0,01;-0,02;0,01
3,276547;0,02;-0,03;-0,00
3,278401;0,03;-0,04;-0,01
3,281154;0,03;-0,05;-0,02
3,285754;0,03;-0,06;-0,02
3,286691;0,04;-0,07;-0,03
3,290643;0,04;-0,07;-0,03
3,291808;0,04;-0,08;-0,03
3,297404;0,04;-0,08;-0,03
3,297859;0,04;-0,09;-0,03
3,298054;0,04;-0,09;-0,03
3,300953;0,03;-0,09;-0,02
3,301579;0,03;-0,10;-0,02
3,304568;0,02;-0,10;-0,02
3,306171;0,02;-0,09;-0,01
3,309182;0,01;-0,09;-0,01
3,311026;0,01;-0,09;-0,00
3,314063;0,01;-0,08;-0,00
3,316860;0,00;-0,08;0,00
3,319038;-0,00;-0,08;0,01
3,320358;-0,01;-0,08;0,01
3,324229;-0,01;-0,07;0,01
3,327582;-0,01;-0,07;0,01
3,328415;-0,01;-0,08;0,01
3,330641;-0,01;-0,08;0,01
3,334478;-0,02;-0,08;0,01
3,335460;-0,01;-0,09;0,01
3,337556;-0,01;-0,10;0,01
3,339351;-0,01;-0,10;0,01
3,341880;-0,01;-0,11;0,01
3,343555;-0,01;-0,12;0,01
3,346787;-0,01;-0,13;0,00
3,349316;-0,01;-0,14;0,00
3,351845;-0,00;-0,14;0,00
3,353873;0,00;-0,15;-0,00
3,356607;0,00;-0,16;-0,01
3,359475;0,01;-0,16;-0,01
3,360300;0,01;-0,17;-0,01
3,363017;0,02;-0,17;-0,02
3,366193;0,02;-0,17;-0,02
3,366720;0,03;-0,18;-0,02
3,369544;0,03;-0,18;-0,03
3,373032;0,03;-0,18;-0,03
3,378330;0,03;-0,18;-0,03
3,379081;0,03;-0,18;-0,04
3,379570;0,03;-0,17;-0,04
3,391648;0,03;-0,17;-0,04
3,392317;0,03;-0,16;-0,05
3,392579;0,02;-0,14;-0,05
3,392792;0,02;-0,13;-0,05
3,392978;0,02;-0,11;-0,05
3,393177;0,01;-0,09;-0,05
3,395246;0,01;-0,07;-0,05
3,397932;0,01;-0,05;-0,05
3,399690;0,01;-0,02;-0,05
3,403150;0,01;-0,00;-0,05
3,405225;0,01;0,02;-0,06
3,408133;0,01;0,04;-0,06
3,409094;0,01;0,06;-0,06
3,411631;0,02;0,08;-0,06
3,415778;0,02;0,09;-0,06
3,416299;0,03;0,10;-0,06
3,418533;0,03;0,11;-0,06
3,420899;0,03;0,11;-0,06
3,423799;0,04;0,11;-0,06
3,426655;0,04;0,11;-0,06
3,428147;0,05;0,10;-0,06
3,430221;0,06;0,09;-0,06
3,434346;0,06;0,09;-0,06
3,435246;0,06;0,08;-0,06
3,437376;0,06;0,06;-0,06
3,439536;0,06;0,05;-0,06
3,441734;0,06;0,04;-0,05
3,444650;0,07;0,03;-0,05
3,446397;0,07;0,02;-0,05
3,449806;0,06;0,02;-0,05
3,451451;0,06;0,01;-0,05
3,453555;0,06;0,01;-0,04
3,455982;0,06;0,00;-0,04
3,458220;0,05;0,00;-0,04
3,460603;0,05;0,00;-0,04
3,463566;0,04;0,00;-0,04
3,467349;0,03;0,00;-0,03
3,468442;0,03;0,01;-0,03
3,469841;0,03;0,01;-0,03
3,473422;0,02;0,01;-0,02
3,476432;0,02;0,02;-0,02
3,477283;0,01;0,02;-0,02
3,479709;0,01;0,02;-0,01
3,481959;0,01;0,02;-0,01
3,487122;0,01;0,02;-0,01
3,487942;0,00;0,02;-0,01
3,491716;0,00;0,02;-0,01
3,492155;0,01;0,01;-0,01
3,504001;0,01;0,00;-0,01
3,504720;0,02;-0,00;-0,01
3,504960;0,02;-0,01;-0,01
3,505142;0,02;-0,02;-0,00
3,505327;0,03;-0,03;-0,01
3,505491;0,03;-0,04;-0,00
3,508640;0,03;-0,05;-0,00
3,509189;0,04;-0,05;-0,00
3,512628;0,04;-0,06;-0,00
3,514334;0,04;-0,06;0,00
3,516621;0,04;-0,07;0,00
3,518772;0,05;-0,07;0,00
3,520868;0,05;-0,07;0,01
3,524465;0,05;-0,07;0,01
3,527232;0,05;-0,07;0,01
3,528171;0,05;-0,08;0,01
3,531607;0,05;-0,07;0,02
3,533745;0,05;-0,07;0,02
3,535525;0,05;-0,07;0,02
3,537979;0,05;-0,06;0,03
3,541581;0,05;-0,05;0,03
3,542338;0,04;-0,04;0,03
3,544842;0,04;-0,03;0,04
3,547763;0,03;-0,02;0,04
3,550983;0,02;-0,00;0,04
3,552056;0,02;0,01;0,04
3,554332;0,01;0,02;0,04
3,557480;0,00;0,03;0,04
3,559442;-0,01;0,05;0,04
3,560938;-0,01;0,06;0,04
3,563604;-0,02;0,07;0,03
3,566611;-0,03;0,08;0,03
3,568170;-0,03;0,08;0,03
3,569646;-0,04;0,09;0,03
3,573256;-0,04;0,09;0,03
3,576039;-0,04;0,09;0,03
3,576899;-0,04;0,09;0,02
3,579835;-0,04;0,09;0,03
3,581686;-0,04;0,08;0,03
3,587044;-0,04;0,07;0,03
3,588008;-0,04;0,07;0,03
3,590088;-0,03;0,06;0,03
3,590895;-0,03;0,05;0,03
3,599129;-0,03;0,04;0,03
3,599928;-0,02;0,03;0,03
3,600192;-0,02;0,02;0,03
3,600410;-0,01;0,01;0,04
3,602749;-0,01;0,00;0,04
3,605495;-0,00;-0,01;0,04
3,607503;0,00;-0,01;0,04
3,609782;0,01;-0,02;0,04
3,612506;0,01;-0,02;0,04
3,615079;0,01;-0,02;0,04
3,617407;0,01;-0,02;0,04
3,618711;0,01;-0,02;0,05
3,621404;0,00;-0,01;0,05
3,624259;-0,00;-0,00;0,05
3,625634;-0,01;0,01;0,05
3,627759;-0,01;0,02;0,05
3,631186;-0,01;0,03;0,05
3,632778;-0,02;0,05;0,05
3,636456;-0,02;0,07;0,04
3,637589;-0,02;0,08;0,04
3,640804;-0,03;0,09;0,03
3,642231;-0,03;0,10;0,03
3,644437;-0,03;0,12;0,02
3,646961;-0,04;0,13;0,01
3,649172;-0,04;0,14;0,00
3,651483;-0,05;0,14;-0,01
3,653814;-0,05;0,15;-0,02
3,656458;-0,05;0,16;-0,02
3,658562;-0,06;0,16;-0,04
3,661591;-0,06;0,16;-0,05
3,663739;-0,06;0,16;-0,06
3,666096;-0,07;0,15;-0,07
3,667269;-0,06;0,15;-0,08
3,670860;-0,06;0,14;-0,09
3,673514;-0,06;0,13;-0,10
3,675452;-0,06;0,12;-0,11
3,677423;-0,06;0,11;-0,12
3,679303;-0,05;0,10;-0,13
3,682225;-0,05;0,09;-0,13
3,684294;-0,04;0,07;-0,14
3,686273;-0,04;0,06;-0,15
3,693027;-0,03;0,05;-0,16
3,693942;-0,03;0,04;-0,17
3,694220;-0,03;0,03;-0,18
3,695888;-0,02;0,02;-0,19
3,706113;-0,02;0,01;-0,19
3,706750;-0,02;0,00;-0,20
3,706989;-0,02;-0,01;-0,21
3,707161;-0,02;-0,02;-0,22
3,707313;-0,02;-0,04;-0,22
3,709261;-0,02;-0,05;-0,23
3,711637;-0,02;-0,07;-0,23
3,715806;-0,02;-0,08;-0,23
3,716657;-0,02;-0,09;-0,24
3,719900;-0,02;-0,10;-0,24
3,721246;-0,02;-0,12;-0,23
3,724143;-0,02;-0,13;-0,23
3,726118;-0,02;-0,14;-0,23
3,728875;-0,02;-0,15;-0,22
3,732646;-0,02;-0,16;-0,21
3,733526;-0,02;-0,17;-0,20
3,735255;-0,02;-0,18;-0,20
3,738349;-0,01;-0,18;-0,19
3,741294;-0,02;-0,20;-0,18
3,742216;-0,02;-0,21;-0,16
3,745533;-0,01;-0,22;-0,15
3,747144;-0,01;-0,23;-0,14
3,749865;-0,01;-0,24;-0,13
3,752082;-0,01;-0,25;-0,11
3,754475;-0,01;-0,26;-0,10
3,757509;-0,01;-0,27;-0,09
3,759351;-0,01;-0,28;-0,08
3,760811;-0,02;-0,29;-0,06
3,764124;-0,02;-0,29;-0,05
3,766465;-0,02;-0,29;-0,04
3,768315;-0,02;-0,29;-0,03
3,770309;-0,02;-0,29;-0,02
3,773346;-0,02;-0,29;-0,02
3,775063;-0,03;-0,28;-0,01
3,777889;-0,03;-0,27;0,00
3,780795;-0,03;-0,27;0,01
3,781734;-0,03;-0,26;0,01
3,784276;-0,03;-0,25;0,02
3,786572;-0,03;-0,24;0,02
3,793627;-0,03;-0,24;0,02
3,794489;-0,03;-0,23;0,03
3,794881;-0,03;-0,22;0,03
3,797435;-0,03;-0,21;0,02
3,810382;-0,03;-0,20;0,02
3,811294;-0,03;-0,20;0,02
3,811726;-0,03;-0,20;0,01
3,811967;-0,03;-0,20;0,00
3,812174;-0,03;-0,21;-0,01
3,812413;-0,03;-0,21;-0,02
3,812623;-0,03;-0,21;-0,03
3,815458;-0,03;-0,21;-0,04
3,816713;-0,02;-0,21;-0,06
3,819069;-0,03;-0,21;-0,07
3,821961;-0,03;-0,21;-0,09
3,823567;-0,03;-0,21;-0,10
3,826730;-0,03;-0,21;-0,12
3,828817;-0,03;-0,21;-0,13
3,833037;-0,02;-0,21;-0,15
3,833961;-0,02;-0,21;-0,16
3,835847;-0,02;-0,20;-0,18
3,837685;-0,02;-0,20;-0,19
3,840474;-0,01;-0,20;-0,21
3,842578;-0,01;-0,19;-0,22
3,844949;-0,01;-0,19;-0,24
3,847648;-0,00;-0,19;-0,25
3,849189;0,00;-0,18;-0,27
3,852880;0,01;-0,17;-0,28
3,855256;0,01;-0,17;-0,30
3,858124;0,01;-0,16;-0,31
3,859034;0,01;-0,16;-0,32
3,862090;0,01;-0,15;-0,34
3,865459;0,01;-0,15;-0,34
3,866366;0,01;-0,13;-0,35
3,867981;0,00;-0,12;-0,36
3,870602;0,00;-0,10;-0,36
3,872585;0,01;-0,09;-0,36
3,874946;0,01;-0,07;-0,36
3,877142;0,01;-0,04;-0,35
3,879261;0,01;-0,02;-0,35
3,882565;0,02;0,01;-0,34
3,884188;0,02;0,04;-0,33
3,886849;0,01;0,07;-0,32
3,890607;0,01;0,10;-0,31
3,891316;0,01;0,13;-0,30
3,893234;0,01;0,16;-0,28
3,896191;0,01;0,20;-0,27
3,898535;0,00;0,23;-0,25
3,900803;0,00;0,27;-0,24
3,902826;0,00;0,30;-0,22
3,906146;-0,00;0,34;-0,21
3,907283;-0,01;0,37;-0,19
3,909624;-0,02;0,40;-0,17
3,911947;-0,02;0,43;-0,16
3,914395;-0,03;0,46;-0,14
3,916602;-0,04;0,49;-0,12
3,918971;-0,05;0,51;-0,10
3,921376;-0,06;0,53;-0,08
3,923936;-0,07;0,55;-0,05
3,925838;-0,07;0,56;-0,03
3,928098;-0,08;0,57;-0,01
3,930532;-0,08;0,57;0,02
3,933153;-0,08;0,56;0,05
3,935066;-0,08;0,56;0,07
3,938010;-0,07;0,54;0,09
3,939954;-0,07;0,52;0,12
3,943074;-0,06;0,50;0,14
3,944575;-0,04;0,47;0,17
3,946676;-0,03;0,44;0,19
3,949377;-0,02;0,40;0,21
3,951637;-0,01;0,37;0,23
3,953873;0,00;0,33;0,25
3,956212;0,02;0,29;0,27
3,958577;0,03;0,24;0,28
3,960801;0,05;0,20;0,30
3,963084;0,06;0,16;0,31
3,965457;0,07;0,11;0,32
3,967503;0,08;0,06;0,33
3,970250;0,09;0,00;0,34
3,972502;0,10;-0,05;0,34
3,974938;0,11;-0,11;0,34
3,977223;0,11;-0,16;0,34
3,981649;0,12;-0,21;0,34
3,982737;0,12;-0,26;0,33
3,984501;0,12;-0,32;0,33
3,986489;0,13;-0,37;0,32
3,990482;0,13;-0,42;0,31
3,991091;0,13;-0,46;0,30
3,993525;0,13;-0,50;0,29
3,996560;0,13;-0,53;0,28
3,998687;0,12;-0,56;0,27
4,000611;0,12;-0,59;0,26
4,002888;0,12;-0,61;0,24
4,005320;0,11;-0,63;0,23
4,007744;0,10;-0,64;0,21
4,010063;0,09;-0,65;0,19
4,012365;0,08;-0,66;0,18
4,014543;0,06;-0,66;0,16
4,016931;0,05;-0,65;0,13
4,019135;0,04;-0,64;0,11
4,021430;0,03;-0,63;0,09
4,023870;0,01;-0,62;0,07
4,026315;-0,00;-0,61;0,04
4,028319;-0,01;-0,59;0,02
4,030868;-0,02;-0,57;-0,01
4,033044;-0,03;-0,54;-0,04
4,037370;-0,04;-0,52;-0,07
4,037797;-0,04;-0,49;-0,10
4,040154;-0,05;-0,46;-0,13
4,042463;-0,05;-0,44;-0,16
4,044927;-0,05;-0,40;-0,20
4,047470;-0,05;-0,37;-0,23
4,049547;-0,05;-0,35;-0,27
4,051798;-0,05;-0,32;-0,30
4,054406;-0,06;-0,29;-0,34
4,056394;-0,06;-0,26;-0,37
4,058652;-0,05;-0,24;-0,41
4,061214;-0,05;-0,22;-0,44
4,063614;-0,05;-0,20;-0,47
4,065775;-0,04;-0,18;-0,50
4,067732;-0,04;-0,16;-0,53
4,070353;-0,03;-0,15;-0,56
4,072680;-0,03;-0,13;-0,58
4,075207;-0,02;-0,11;-0,60
4,077593;-0,01;-0,09;-0,62
4,081209;-0,01;-0,07;-0,64
4,082147;-0,00;-0,05;-0,65
4,084837;0,00;-0,03;-0,66
4,087694;0,01;-0,00;-0,67
4,091031;0,01;0,02;-0,68
4,091983;0,02;0,05;-0,68
4,094102;0,02;0,08;-0,69
4,096674;0,03;0,10;-0,69
4,099164;0,03;0,13;-0,69
4,100540;0,03;0,16;-0,69
4,103135;0,03;0,20;-0,68
4,105380;0,03;0,24;-0,67
4,107767;0,03;0,28;-0,66
4,109931;0,03;0,31;-0,65
4,112721;0,02;0,35;-0,64
4,114325;0,01;0,39;-0,62
4,117028;0,00;0,43;-0,61
4,119281;-0,01;0,46;-0,59
4,121953;-0,02;0,49;-0,57
4,124001;-0,03;0,52;-0,55
4,126536;-0,05;0,55;-0,53
4,128306;-0,06;0,57;-0,51
4,131004;-0,08;0,59;-0,48
4,133204;-0,09;0,61;-0,46
4,135464;-0,11;0,63;-0,43
4,138194;-0,12;0,65;-0,40
4,140387;-0,13;0,67;-0,37
4,142511;-0,14;0,68;-0,33
4,145243;-0,15;0,70;-0,30
4,147327;-0,16;0,71;-0,26
4,149598;-0,16;0,72;-0,23
4,151945;-0,17;0,73;-0,19
4,154293;-0,17;0,73;-0,15
4,156656;-0,17;0,74;-0,12
4,159085;-0,16;0,74;-0,08
4,161236;-0,16;0,74;-0,03
4,163811;-0,15;0,74;0,01
4,166056;-0,15;0,73;0,05
4,168001;-0,14;0,72;0,09
4,171173;-0,13;0,71;0,13
4,172853;-0,12;0,70;0,18
4,175873;-0,11;0,68;0,22
4,177600;-0,10;0,65;0,26
4,180016;-0,08;0,63;0,31
4,182402;-0,07;0,61;0,35
4,184525;-0,05;0,58;0,39
4,188393;-0,04;0,56;0,44
4,189356;-0,02;0,54;0,48
4,192587;0,00;0,52;0,51
4,194909;0,02;0,49;0,55
4,196317;0,03;0,46;0,59
4,198688;0,05;0,43;0,62
4,200847;0,06;0,40;0,65
4,203279;0,07;0,36;0,68
4,205580;0,08;0,32;0,71
4,208001;0,08;0,28;0,73
4,210142;0,08;0,23;0,75
4,212855;0,08;0,18;0,77
4,214909;0,08;0,12;0,78
4,217459;0,08;0,07;0,79
4,219422;0,08;0,01;0,80
4,221980;0,09;-0,05;0,81
4,224187;0,08;-0,11;0,81
4,226528;0,07;-0,17;0,81
4,228807;0,07;-0,22;0,81
4,231122;0,06;-0,27;0,80
4,233427;0,05;-0,32;0,79
4,236093;0,05;-0,36;0,78
4,238036;0,04;-0,40;0,76
4,240760;0,04;-0,44;0,75
4,242683;0,03;-0,48;0,73
4,245390;0,02;-0,50;0,71
4,247470;0,02;-0,53;0,69
4,249756;0,01;-0,55;0,66
4,252248;0,01;-0,56;0,64
4,254549;0,01;-0,57;0,61
4,256875;0,01;-0,57;0,58
4,259021;0,02;-0,57;0,56
4,261973;0,02;-0,57;0,53
4,263894;0,02;-0,57;0,49
4,266247;0,02;-0,58;0,46
4,268016;0,02;-0,58;0,42
4,270693;0,02;-0,58;0,39
4,273097;0,02;-0,59;0,36
4,275279;0,03;-0,59;0,32
4,277944;0,03;-0,59;0,29
4,280466;0,03;-0,60;0,26
4,282471;0,03;-0,60;0,23
4,284927;0,04;-0,60;0,20
4,292680;0,04;-0,60;0,17
4,293188;0,05;-0,59;0,14
4,293347;0,06;-0,58;0,11
4,294554;0,06;-0,57;0,09
4,296272;0,06;-0,55;0,06
4,298969;0,05;-0,52;0,04
4,300785;0,06;-0,49;0,01
4,303465;0,06;-0,47;-0,01
4,305792;0,06;-0,45;-0,03
4,308078;0,06;-0,43;-0,05
4,310488;0,05;-0,41;-0,07
4,312592;0,05;-0,39;-0,09
4,314894;0,05;-0,37;-0,10
4,317285;0,04;-0,35;-0,12
4,319883;0,04;-0,33;-0,14
4,322007;0,03;-0,32;-0,15
4,324257;0,02;-0,30;-0,17
4,326602;0,01;-0,29;-0,19
4,328823;0,00;-0,27;-0,21
4,331049;-0,01;-0,26;-0,22
4,333727;-0,02;-0,24;-0,24
4,335852;-0,03;-0,22;-0,26
4,338503;-0,04;-0,20;-0,27
4,340371;-0,04;-0,17;-0,29
4,343015;-0,05;-0,14;-0,30
4,345140;-0,06;-0,11;-0,31
4,347581;-0,07;-0,07;-0,33
4,349851;-0,08;-0,04;-0,34
4,352288;-0,08;-0,01;-0,35
4,354473;-0,08;0,03;-0,36
4,357013;-0,08;0,06;-0,37
4,359182;-0,08;0,10;-0,38
4,361525;-0,07;0,13;-0,39
4,363945;-0,07;0,16;-0,40
4,366101;-0,07;0,20;-0,41
4,368185;-0,06;0,22;-0,41
4,370926;-0,05;0,25;-0,42
4,373226;-0,04;0,27;-0,42
4,375566;-0,04;0,30;-0,42
4,379289;-0,03;0,31;-0,42
4,380652;-0,02;0,33;-0,41
4,382778;-0,02;0,34;-0,41
4,385018;-0,01;0,35;-0,40
4,387200;-0,00;0,36;-0,39
4,389583;0,00;0,37;-0,38
4,391827;0,01;0,37;-0,36
4,394347;0,01;0,37;-0,35
4,396781;0,01;0,38;-0,33
4,398774;0,02;0,39;-0,31
4,402602;0,02;0,39;-0,28
4,403693;0,02;0,40;-0,26
4,405868;0,02;0,40;-0,23
4,407778;0,01;0,41;-0,20
4,410946;0,00;0,41;-0,17
4,412728;-0,00;0,41;-0,15
4,415042;-0,01;0,41;-0,11
4,417439;-0,02;0,41;-0,08
4,419753;-0,03;0,40;-0,05
4,422172;-0,03;0,39;-0,02
4,424324;-0,03;0,37;0,02
4,426569;-0,04;0,36;0,05
4,429157;-0,04;0,34;0,08
4,431457;-0,04;0,31;0,12
4,433692;-0,04;0,29;0,15
4,436067;-0,04;0,26;0,19
4,438517;-0,04;0,23;0,22
4,440693;-0,03;0,19;0,25
4,443068;-0,03;0,16;0,28
4,445634;-0,02;0,12;0,31
4,447670;-0,01;0,07;0,34
4,450097;-0,00;0,03;0,36
4,452794;0,00;-0,01;0,38
4,454610;0,01;-0,05;0,40
4,456821;0,02;-0,10;0,41
4,459203;0,03;-0,14;0,42
4,461746;0,03;-0,17;0,43
4,463979;0,03;-0,21;0,43
4,466521;0,04;-0,25;0,43
4,467977;0,04;-0,28;0,43
4,471097;0,03;-0,31;0,43
4,473469;0,03;-0,33;0,42
4,475805;0,03;-0,36;0,41
4,480712;0,02;-0,38;0,40
4,481667;0,02;-0,39;0,39
4,482803;0,02;-0,41;0,37
4,485167;0,01;-0,41;0,35
4,491000;0,01;-0,42;0,34
4,491593;0,01;-0,43;0,31
4,492252;0,01;-0,43;0,29
4,494341;0,01;-0,44;0,27
4,496691;0,01;-0,44;0,24
4,498946;0,01;-0,44;0,22
4,501389;0,01;-0,43;0,19
4,503620;0,02;-0,43;0,17
4,506056;0,02;-0,42;0,14
4,507884;0,02;-0,42;0,12
4,510996;0,02;-0,41;0,09
4,512935;0,02;-0,40;0,07
4,515242;0,02;-0,40;0,04
4,517508;0,01;-0,39;0,01
4,520184;0,01;-0,39;-0,01
4,522116;0,01;-0,39;-0,04
4,524658;0,00;-0,38;-0,06
4,526737;0,00;-0,37;-0,09
4,529242;-0,00;-0,37;-0,11
4,531712;-0,00;-0,36;-0,14
4,533805;-0,00;-0,35;-0,16
4,536096;-0,01;-0,34;-0,18
4,538440;-0,01;-0,32;-0,20
4,540865;-0,01;-0,31;-0,22
4,543255;-0,01;-0,29;-0,24
4,545446;-0,02;-0,28;-0,25
4,547851;-0,02;-0,26;-0,26
4,550117;-0,02;-0,23;-0,28
4,552422;-0,02;-0,21;-0,29
4,554825;-0,02;-0,19;-0,30
4,557132;-0,02;-0,16;-0,30
4,559337;-0,02;-0,12;-0,31
4,561917;-0,02;-0,09;-0,31
4,564213;-0,01;-0,06;-0,31
4,566642;-0,01;-0,02;-0,31
4,568063;-0,01;0,01;-0,30
4,571310;-0,01;0,05;-0,30
4,573532;-0,00;0,08;-0,29
4,575942;0,00;0,12;-0,28
4,578410;0,00;0,16;-0,26
4,580630;0,00;0,19;-0,25
4,582852;0,01;0,23;-0,23
4,585592;0,01;0,26;-0,22
4,587578;0,01;0,30;-0,20
4,590018;0,01;0,33;-0,18
4,592362;0,02;0,35;-0,17
4,594767;0,02;0,38;-0,15
4,596864;0,02;0,40;-0,13
4,599203;0,02;0,42;-0,12
4,601529;0,02;0,44;-0,10
4,603862;0,02;0,45;-0,07
4,606055;0,01;0,47;-0,05
4,608531;0,01;0,47;-0,03
4,610982;0,01;0,48;-0,00
4,613165;0,01;0,48;0,02
4,615441;0,01;0,48;0,05
4,617881;0,00;0,47;0,08
4,620239;-0,00;0,47;0,12
4,622456;-0,00;0,47;0,15
4,624827;-0,00;0,47;0,18
4,627008;-0,00;0,46;0,22
4,629493;-0,00;0,46;0,25
4,631834;-0,00;0,44;0,28
4,634296;-0,00;0,42;0,31
4,636413;0,00;0,40;0,34
4,638648;0,01;0,38;0,37
4,641150;0,01;0,35;0,39
4,643907;0,02;0,32;0,41
4,645917;0,02;0,28;0,43
4,648122;0,02;0,23;0,45
4,650538;0,03;0,18;0,46
4,652808;0,03;0,13;0,47
4,655081;0,03;0,08;0,47
4,657367;0,03;0,03;0,48
4,660011;0,02;-0,02;0,48
4,661940;0,02;-0,07;0,47
4,664469;0,01;-0,12;0,46
4,666625;0,01;-0,16;0,45
4,668924;-0,00;-0,21;0,43
4,671647;-0,01;-0,25;0,42
4,673811;-0,02;-0,28;0,39
4,676003;-0,03;-0,32;0,37
4,678597;-0,03;-0,34;0,34
4,681178;-0,04;-0,36;0,31
4,683137;-0,04;-0,38;0,27
4,687026;-0,05;-0,39;0,24
4,687976;-0,05;-0,40;0,20
4,693437;-0,05;-0,40;0,17
4,694210;-0,05;-0,40;0,13
4,694815;-0,05;-0,39;0,09
4,696987;-0,06;-0,39;0,05
4,699432;-0,06;-0,38;0,01
4,702042;-0,06;-0,37;-0,03
4,703896;-0,06;-0,35;-0,07
4,706414;-0,06;-0,34;-0,12
4,708299;-0,06;-0,32;-0,16
4,711170;-0,06;-0,29;-0,20
4,713181;-0,06;-0,26;-0,24
4,715951;-0,05;-0,23;-0,28
4,717788;-0,05;-0,20;-0,32
4,720432;-0,05;-0,16;-0,35
4,722329;-0,05;-0,12;-0,39
4,725046;-0,04;-0,07;-0,41
4,727388;-0,03;-0,02;-0,44
4,729541;-0,03;0,03;-0,46
4,731827;-0,02;0,08;-0,48
4,734003;-0,01;0,14;-0,49
4,736511;0,00;0,19;-0,50
4,738842;0,01;0,25;-0,50
4,741250;0,02;0,30;-0,50
4,743641;0,03;0,35;-0,50
4,745931;0,03;0,40;-0,49
4,748345;0,02;0,44;-0,48
4,750537;0,01;0,48;-0,47
4,753192;0,00;0,51;-0,45
4,755270;-0,01;0,54;-0,44
4,757775;-0,02;0,56;-0,42
4,760404;-0,03;0,57;-0,39
4,762456;-0,04;0,59;-0,37
4,764551;-0,05;0,59;-0,34
4,767007;-0,05;0,58;-0,31
4,768702;-0,05;0,57;-0,27
4,771845;-0,05;0,55;-0,24
4,773879;-0,04;0,52;-0,20
4,777007;-0,03;0,49;-0,16
4,778445;-0,02;0,44;-0,13
4,781116;-0,00;0,39;-0,09
4,783104;0,02;0,33;-0,06
4,785883;0,04;0,28;-0,03
4,788141;0,05;0,23;0,00
4,790364;0,07;0,17;0,03
4,792481;0,09;0,11;0,05
4,796949;0,11;0,05;0,07
4,797751;0,13;-0,01;0,09
4,799901;0,14;-0,07;0,10
4,803207;0,15;-0,13;0,11
4,807931;0,16;-0,19;0,12
4,808517;0,16;-0,25;0,12
4,808896;0,16;-0,31;0,12
4,811303;0,16;-0,36;0,12
4,813550;0,16;-0,41;0,12
4,815901;0,15;-0,46;0,11
4,818360;0,14;-0,49;0,10
4,820685;0,13;-0,52;0,10
4,822790;0,12;-0,55;0,09
4,825064;0,11;-0,56;0,08
4,827437;0,10;-0,56;0,06
4,829784;0,09;-0,56;0,05
4,832050;0,07;-0,54;0,04
4,834647;0,05;-0,53;0,02
4,836853;0,04;-0,50;0,00
4,839014;0,02;-0,46;-0,01
4,841467;0,01;-0,43;-0,03
4,843884;-0,01;-0,39;-0,05
4,846165;-0,03;-0,34;-0,07
4,848380;-0,04;-0,30;-0,09
4,851275;-0,05;-0,25;-0,11
4,853117;-0,06;-0,20;-0,13
4,855296;-0,08;-0,15;-0,15
4,857627;-0,08;-0,10;-0,17
4,859990;-0,09;-0,05;-0,19
4,862350;-0,10;0,01;-0,20
4,864709;-0,10;0,06;-0,21
4,867251;-0,10;0,11;-0,22
4,868672;-0,10;0,17;-0,23
4,871758;-0,10;0,22;-0,23
4,873901;-0,09;0,28;-0,24
4,876506;-0,09;0,33;-0,24
4,878573;-0,09;0,38;-0,24
4,881320;-0,08;0,42;-0,24
4,883235;-0,08;0,46;-0,24
4,885948;-0,09;0,49;-0,23
4,887895;-0,09;0,52;-0,22
4,890419;-0,09;0,54;-0,20
4,896281;-0,10;0,56;-0,19
4,897007;-0,10;0,57;-0,17
4,897311;-0,10;0,57;-0,15
4,900047;-0,10;0,57;-0,12
4,908477;-0,09;0,57;-0,09
4,909281;-0,09;0,55;-0,06
4,909548;-0,08;0,54;-0,03
4,909742;-0,07;0,51;0,01
4,911257;-0,06;0,48;0,04
4,913685;-0,04;0,44;0,08
4,916101;-0,03;0,40;0,12
4,918352;-0,01;0,35;0,15
4,920324;0,00;0,30;0,19
4,922910;0,02;0,25;0,22
4,925417;0,04;0,20;0,25
4,927611;0,06;0,15;0,28
4,929911;0,08;0,09;0,31
4,932320;0,10;0,03;0,34
4,934572;0,12;-0,03;0,36
4,937136;0,14;-0,09;0,37
4,939230;0,16;-0,15;0,39
4,941806;0,17;-0,20;0,40
4,944069;0,18;-0,26;0,40
4,946527;0,18;-0,32;0,41
4,948538;0,19;-0,37;0,41
4,951277;0,18;-0,43;0,40
4,953388;0,18;-0,48;0,40
4,955584;0,17;-0,52;0,39
4,957925;0,15;-0,57;0,38
4,960582;0,14;-0,60;0,36
4,962649;0,13;-0,62;0,35
4,964902;0,12;-0,64;0,33
4,967969;0,10;-0,65;0,31
4,968843;0,09;-0,66;0,29
4,972314;0,08;-0,66;0,26
4,974443;0,06;-0,66;0,24
4,976649;0,05;-0,65;0,21
4,979288;0,04;-0,64;0,18
4,981308;0,03;-0,62;0,15
4,983354;0,02;-0,60;0,11
4,987467;0,01;-0,57;0,08
4,988412;-0,01;-0,54;0,05
4,990905;-0,02;-0,52;0,01
5,000010;-0,03;-0,49;-0,02
5,000608;-0,04;-0,46;-0,05
5,000855;-0,05;-0,43;-0,08
5,001064;-0,06;-0,40;-0,11
5,001996;-0,08;-0,36;-0,14
5,004880;-0,08;-0,33;-0,17
5,006772;-0,09;-0,29;-0,19
5,009081;-0,09;-0,25;-0,21
5,011994;-0,10;-0,21;-0,23
5,013985;-0,09;-0,16;-0,24
5,016232;-0,09;-0,10;-0,26
5,018647;-0,08;-0,05;-0,26
5,020840;-0,07;0,01;-0,27
5,023690;-0,06;0,06;-0,27
5,025902;-0,05;0,12;-0,27
5,028130;-0,05;0,17;-0,27
5,030110;-0,04;0,23;-0,26
5,032801;-0,03;0,28;-0,25
5,034717;-0,03;0,32;-0,24
5,037351;-0,03;0,36;-0,23
5,039618;-0,03;0,40;-0,22
5,041880;-0,03;0,43;-0,20
5,044331;-0,04;0,45;-0,18
5,046680;-0,04;0,47;-0,16
5,048688;-0,04;0,48;-0,13
5,051538;-0,03;0,48;-0,10
5,053292;-0,03;0,48;-0,07
5,056285;-0,02;0,47;-0,04
5,058511;-0,01;0,46;-0,01
5,060710;0,00;0,44;0,02
5,062972;0,02;0,41;0,06
5,065105;0,03;0,38;0,09
5,068864;0,05;0,34;0,12
5,069339;0,07;0,30;0,15
5,072159;0,08;0,26;0,18
5,074395;0,10;0,22;0,21
5,076766;0,11;0,17;0,23
5,079151;0,13;0,12;0,25
5,081291;0,14;0,06;0,27
5,086635;0,15;0,01;0,28
5,087205;0,15;-0,04;0,29
5,088580;0,16;-0,10;0,30
5,090648;0,16;-0,16;0,31
5,098098;0,15;-0,22;0,31
5,098540;0,15;-0,28;0,30
5,098694;0,14;-0,33;0,29
5,100646;0,13;-0,39;0,28
5,102466;0,12;-0,44;0,27
5,104499;0,11;-0,48;0,25
5,106875;0,10;-0,51;0,24
5,108838;0,10;-0,54;0,22
5,111679;0,09;-0,56;0,20
5,113835;0,08;-0,57;0,18
5,116189;0,07;-0,57;0,15
5,118609;0,06;-0,57;0,13
5,120944;0,05;-0,56;0,10
5,123090;0,03;-0,54;0,07
5,125770;0,02;-0,52;0,04
5,128002;0,00;-0,49;0,01
5,130367;-0,01;-0,46;-0,01
5,132638;-0,03;-0,43;-0,04
5,135166;-0,04;-0,38;-0,07
5,137233;-0,06;-0,34;-0,10
5,139809;-0,07;-0,30;-0,13
5,142278;-0,08;-0,26;-0,15
5,144487;-0,10;-0,21;-0,18
5,146555;-0,11;-0,17;-0,20
5,149165;-0,11;-0,12;-0,22
5,151457;-0,12;-0,07;-0,24
5,153602;-0,12;-0,01;-0,25
5,155872;-0,11;0,04;-0,26
5,158864;-0,11;0,11;-0,27
5,160336;-0,10;0,17;-0,28
5,163128;-0,09;0,23;-0,28
5,165453;-0,08;0,29;-0,29
5,167751;-0,08;0,35;-0,29
5,169284;-0,08;0,41;-0,28
5,172550;-0,08;0,46;-0,28
5,173715;-0,09;0,51;-0,27
5,177156;-0,09;0,55;-0,26
5,179219;-0,09;0,59;-0,24
5,181590;-0,10;0,62;-0,23
5,186412;-0,10;0,65;-0,21
5,187128;-0,10;0,67;-0,18
5,188782;-0,09;0,68;-0,16
5,191345;-0,08;0,68;-0,13
5,199900;-0,07;0,68;-0,09
5,200791;-0,06;0,67;-0,06
5,201073;-0,05;0,65;-0,03
5,201270;-0,03;0,63;0,01
5,202560;-0,02;0,60;0,04
5,205143;0,00;0,57;0,08
5,207172;0,02;0,53;0,11
5,209806;0,04;0,50;0,14
5,211907;0,06;0,45;0,17
5,214335;0,08;0,40;0,20
5,216613;0,10;0,35;0,23
5,218853;0,12;0,29;0,25
5,221239;0,13;0,22;0,27
5,223445;0,14;0,16;0,28
5,225884;0,15;0,09;0,29
5,228001;0,16;0,01;0,31
5,230475;0,16;-0,06;0,31
5,232628;0,16;-0,14;0,32
5,235173;0,16;-0,22;0,32
5,237689;0,15;-0,30;0,32
5,239872;0,15;-0,38;0,31
5,242311;0,15;-0,44;0,31
5,244515;0,14;-0,50;0,30
5,246979;0,13;-0,54;0,29
5,249427;0,13;-0,58;0,27
5,251914;0,12;-0,61;0,26
5,253852;0,12;-0,63;0,24
5,256097;0,11;-0,64;0,23
5,258568;0,10;-0,65;0,20
5,261186;0,09;-0,64;0,18
5,262688;0,08;-0,63;0,16
5,265837;0,07;-0,61;0,13
5,267799;0,05;-0,59;0,10
5,269312;0,04;-0,56;0,07
5,272620;0,02;-0,54;0,04
5,275084;0,00;-0,52;0,01
5,277418;-0,02;-0,49;-0,02
5,279555;-0,04;-0,45;-0,05
5,281827;-0,05;-0,42;-0,08
5,284208;-0,07;-0,37;-0,10
5,286661;-0,08;-0,32;-0,13
5,288867;-0,09;-0,27;-0,15
5,294287;-0,10;-0,22;-0,17
5,295088;-0,11;-0,17;-0,20
5,297591;-0,12;-0,11;-0,21
5,298368;-0,13;-0,05;-0,23
5,306138;-0,13;0,01;-0,24
5,306846;-0,13;0,08;-0,25
5,307103;-0,13;0,15;-0,26
5,307281;-0,12;0,22;-0,27
5,309798;-0,12;0,29;-0,28
5,312233;-0,11;0,36;-0,28
5,314170;-0,11;0,42;-0,28
5,316713;-0,11;0,48;-0,28
5,318981;-0,10;0,53;-0,28
5,321488;-0,10;0,58;-0,28
5,323658;-0,11;0,62;-0,27
5,326168;-0,11;0,65;-0,26
5,328097;-0,11;0,68;-0,25
5,330532;-0,11;0,70;-0,24
5,332966;-0,11;0,72;-0,22
5,335172;-0,11;0,72;-0,20
5,337605;-0,11;0,72;-0,17
5,340468;-0,10;0,72;-0,14
5,342110;-0,10;0,70;-0,11
5,344539;-0,08;0,69;-0,07
5,346795;-0,07;0,67;-0,03
5,349673;-0,06;0,65;0,01
5,351654;-0,04;0,63;0,04
5,353870;-0,02;0,60;0,08
5,356228;0,01;0,56;0,12
5,358549;0,03;0,52;0,15
5,360987;0,05;0,47;0,19
5,363256;0,08;0,42;0,22
5,366342;0,10;0,36;0,25
5,368014;0,13;0,30;0,27
5,369599;0,15;0,23;0,29
5,372943;0,17;0,15;0,31
5,374978;0,18;0,06;0,33
5,377437;0,20;-0,03;0,34
5,379703;0,20;-0,13;0,35
5,382347;0,21;-0,23;0,35
5,386539;0,21;-0,32;0,36
5,387278;0,21;-0,41;0,36
5,389167;0,20;-0,51;0,36
5,399821;0,20;-0,60;0,35
5,400541;0,19;-0,67;0,35
5,400793;0,18;-0,74;0,34
5,401037;0,16;-0,79;0,33
5,401255;0,15;-0,83;0,32
5,402759;0,14;-0,87;0,31
5,405100;0,13;-0,89;0,29
5,407662;0,11;-0,90;0,27
5,409555;0,10;-0,91;0,25
5,412207;0,08;-0,91;0,22
5,414548;0,06;-0,90;0,19
5,416677;0,05;-0,89;0,16
5,418959;0,03;-0,88;0,12
5,421527;0,01;-0,87;0,09
5,424486;-0,01;-0,85;0,06
5,426317;-0,04;-0,83;0,02
5,428488;-0,06;-0,80;-0,01
5,430968;-0,08;-0,77;-0,05
5,433175;-0,09;-0,73;-0,08
5,435605;-0,11;-0,69;-0,12
5,438655;-0,13;-0,65;-0,15
5,440799;-0,14;-0,60;-0,18
5,442661;-0,15;-0,53;-0,22
5,445650;-0,16;-0,47;-0,25
5,448296;-0,17;-0,41;-0,28
5,450203;-0,17;-0,34;-0,31
5,452479;-0,18;-0,26;-0,33
5,454723;-0,18;-0,19;-0,36
5,457081;-0,18;-0,11;-0,38
5,458689;-0,18;-0,02;-0,40
5,461408;-0,17;0,07;-0,41
5,463381;-0,17;0,16;-0,43
5,466087;-0,16;0,24;-0,44
5,468119;-0,14;0,33;-0,45
5,469534;-0,13;0,41;-0,46
5,472863;-0,12;0,48;-0,46
5,475225;-0,11;0,55;-0,46
5,477647;-0,10;0,61;-0,45
5,479993;-0,10;0,66;-0,45
5,486717;-0,10;0,71;-0,44
5,487637;-0,10;0,75;-0,42
5,487932;-0,10;0,78;-0,41
5,490617;-0,10;0,81;-0,39
5,499821;-0,10;0,83;-0,36
5,500428;-0,09;0,84;-0,33
5,500651;-0,09;0,85;-0,30
5,500842;-0,09;0,85;-0,26
5,501000;-0,08;0,84;-0,22
5,503544;-0,06;0,83;-0,18
5,505296;-0,05;0,82;-0,14
5,508182;-0,03;0,80;-0,10
5,510027;-0,01;0,78;-0,05
5,513343;0,01;0,76;-0,01
5,514728;0,03;0,74;0,04
5,517151;0,06;0,72;0,08
5,519059;0,08;0,68;0,12
5,521905;0,10;0,64;0,16
5,525728;0,12;0,60;0,20
5,526490;0,14;0,55;0,24
5,529811;0,16;0,50;0,27
5,531609;0,17;0,44;0,30
5,534165;0,18;0,38;0,33
5,536423;0,19;0,30;0,35
5,539472;0,19;0,23;0,37
5,541545;0,20;0,15;0,39
5,542794;0,20;0,07;0,41
5,546406;0,19;-0,02;0,42
5,548371;0,19;-0,11;0,44
5,550462;0,18;-0,20;0,44
5,551988;0,16;-0,29;0,45
5,554989;0,14;-0,38;0,45
5,557015;0,12;-0,46;0,45
5,558990;0,10;-0,53;0,45
5,561892;0,09;-0,59;0,44
5,563808;0,07;-0,64;0,43
5,566731;0,06;-0,68;0,42
5,568895;0,04;-0,71;0,40
5,570882;0,03;-0,73;0,38
5,574598;0,02;-0,74;0,35
5,575462;0,02;-0,75;0,33
5,577657;0,00;-0,74;0,30
5,580713;-0,01;-0,74;0,27
5,583036;-0,02;-0,73;0,24
5,585149;-0,03;-0,72;0,20
5,587660;-0,05;-0,71;0,17
5,589219;-0,06;-0,70;0,13
5,593993;-0,08;-0,69;0,10
5,594770;-0,10;-0,67;0,06
5,596929;-0,11;-0,65;0,02
5,599164;-0,13;-0,62;-0,01
5,609900;-0,14;-0,59;-0,05
5,610706;-0,16;-0,55;-0,09
5,610977;-0,17;-0,51;-0,12
5,611164;-0,17;-0,47;-0,16
5,611334;-0,17;-0,41;-0,19
5,613231;-0,17;-0,36;-0,22
5,614841;-0,18;-0,31;-0,25
5,617381;-0,17;-0,25;-0,29
5,619502;-0,16;-0,18;-0,31
5,621979;-0,16;-0,12;-0,33
5,624360;-0,15;-0,05;-0,36
5,626833;-0,14;0,03;-0,38
5,629696;-0,13;0,10;-0,39
5,632770;-0,12;0,18;-0,40
5,633581;-0,11;0,26;-0,41
5,636403;-0,11;0,33;-0,41
5,638491;-0,10;0,40;-0,41
5,641077;-0,10;0,47;-0,41
5,642733;-0,10;0,53;-0,40
5,645079;-0,10;0,58;-0,39
5,647058;-0,10;0,63;-0,38
5,650558;-0,10;0,67;-0,37
5,652761;-0,10;0,70;-0,35
5,655592;-0,10;0,72;-0,33
5,657436;-0,09;0,74;-0,30
5,659349;-0,09;0,74;-0,28
5,662027;-0,08;0,73;-0,25
5,664497;-0,06;0,72;-0,22
5,665944;-0,05;0,71;-0,18
5,668847;-0,03;0,68;-0,15
5,670417;-0,01;0,65;-0,12
5,674211;0,01;0,61;-0,09
5,675582;0,04;0,56;-0,06
5,678189;0,06;0,51;-0,04
5,680442;0,09;0,46;-0,01
5,682427;0,11;0,40;0,02
5,685222;0,13;0,33;0,04
5,687605;0,15;0,26;0,06
5,693365;0,17;0,19;0,08
5,695838;0,18;0,12;0,10
5,696107;0,19;0,03;0,12
5,696300;0,20;-0,05;0,13
5,704529;0,21;-0,13;0,15
5,705115;0,21;-0,21;0,16
5,705315;0,21;-0,29;0,16
5,705675;0,21;-0,37;0,17
5,708495;0,20;-0,43;0,18
5,710325;0,20;-0,48;0,18
5,713287;0,19;-0,53;0,18
5,715082;0,19;-0,56;0,18
5,717375;0,17;-0,59;0,18
5,719709;0,16;-0,60;0,17
5,721969;0,15;-0,61;0,16
5,724460;0,13;-0,60;0,15
5,726675;0,11;-0,58;0,14
5,728973;0,09;-0,56;0,13
5,732072;0,07;-0,53;0,12
5,734090;0,04;-0,50;0,10
5,735913;0,02;-0,46;0,09
5,738692;-0,00;-0,42;0,07
5,740858;-0,03;-0,37;0,05
5,743031;-0,05;-0,33;0,03
5,745698;-0,07;-0,28;0,01
5,748829;-0,09;-0,24;-0,00
5,750292;-0,11;-0,19;-0,02
5,752528;-0,12;-0,14;-0,04
5,755277;-0,14;-0,09;-0,05
5,757274;-0,15;-0,04;-0,07
5,759284;-0,16;0,02;-0,08
5,762197;-0,16;0,07;-0,09
5,765592;-0,16;0,12;-0,10
5,766490;-0,16;0,17;-0,12
5,768696;-0,16;0,22;-0,13
5,770651;-0,15;0,27;-0,14
5,773374;-0,15;0,31;-0,15
5,775873;-0,15;0,34;-0,16
5,778401;-0,14;0,37;-0,16
5,780227;-0,14;0,40;-0,16
5,782806;-0,14;0,42;-0,16
5,784684;-0,14;0,44;-0,16
5,787282;-0,13;0,45;-0,15
5,791972;-0,13;0,46;-0,15
5,792537;-0,13;0,45;-0,13
5,794772;-0,12;0,45;-0,12
5,797001;-0,11;0,44;-0,10
5,800707;-0,10;0,42;-0,08
5,801307;-0,08;0,41;-0,06
5,803732;-0,06;0,39;-0,03
5,806779;-0,04;0,36;-0,01
5,808137;-0,03;0,33;0,02
5,810166;-0,01;0,30;0,04
5,813446;0,01;0,27;0,07
5,815130;0,03;0,23;0,09
5,817476;0,05;0,20;0,11
5,819787;0,07;0,16;0,13
5,822328;0,09;0,12;0,15
5,824960;0,11;0,07;0,17
5,827253;0,12;0,02;0,19
5,828987;0,14;-0,02;0,20
5,831545;0,15;-0,06;0,21
5,834181;0,16;-0,11;0,23
5,836502;0,16;-0,15;0,23
5,838365;0,16;-0,20;0,24
5,840756;0,16;-0,24;0,25
5,843207;0,16;-0,29;0,25
5,845848;0,15;-0,33;0,25
5,848341;0,14;-0,36;0,25
5,850132;0,14;-0,39;0,24
5,852563;0,13;-0,42;0,24
5,855027;0,12;-0,44;0,23
5,857360;0,11;-0,45;0,22
5,859301;0,10;-0,46;0,21
5,861937;0,09;-0,46;0,19
5,864487;0,08;-0,46;0,18
5,866661;0,07;-0,45;0,16
5,868857;0,06;-0,44;0,14
5,870512;0,05;-0,42;0,12
5,873743;0,04;-0,40;0,09
5,876073;0,03;-0,38;0,07
5,878475;0,02;-0,35;0,05
5,881849;0,00;-0,32;0,02
5,883145;-0,01;-0,29;-0,00
5,885200;-0,03;-0,26;-0,03
5,887953;-0,04;-0,23;-0,05
5,889899;-0,05;-0,20;-0,07
5,892295;-0,07;-0,17;-0,09
5,894772;-0,08;-0,13;-0,11
5,897042;-0,09;-0,10;-0,13
5,899819;-0,10;-0,06;-0,15
5,901504;-0,11;-0,02;-0,16
5,904083;-0,11;0,02;-0,17
5,908818;-0,12;0,06;-0,18
5,909429;-0,11;0,11;-0,19
5,910672;-0,11;0,15;-0,20
5,913386;-0,11;0,19;-0,20
5,915755;-0,12;0,23;-0,20
5,917961;-0,12;0,26;-0,20
5,920321;-0,12;0,30;-0,20
5,923039;-0,12;0,33;-0,20
5,924999;-0,12;0,36;-0,19
5,927594;-0,12;0,38;-0,18
5,929586;-0,12;0,40;-0,18
5,931947;-0,12;0,41;-0,17
5,934503;-0,11;0,42;-0,15
5,936517;-0,10;0,43;-0,14
5,939538;-0,10;0,43;-0,13
5,941199;-0,09;0,42;-0,11
5,943124;-0,08;0,41;-0,09
5,945765;-0,07;0,41;-0,07
5,948946;-0,06;0,39;-0,06
5,950755;-0,05;0,37;-0,04
5,953197;-0,04;0,35;-0,02
5,956714;-0,02;0,33;0,00
5,957505;-0,01;0,31;0,02
5,959813;0,00;0,28;0,04
5,963799;0,02;0,26;0,05
5,966873;0,03;0,23;0,07
5,967925;0,05;0,20;0,08
5,969728;0,06;0,17;0,10
5,971050;0,07;0,14;0,11
5,973745;0,08;0,10;0,12
5,976095;0,09;0,07;0,13
5,978305;0,10;0,04;0,14
5,982165;0,10;0,00;0,15
5,983070;0,11;-0,03;0,16
5,985800;0,11;-0,07;0,16
5,988002;0,11;-0,10;0,16
5,990130;0,11;-0,13;0,17
5,992177;0,11;-0,17;0,17
5,995502;0,11;-0,20;0,17
6,000971;0,10;-0,23;0,17
6,001770;0,09;-0,25;0,16
6,002015;0,09;-0,27;0,16
6,004069;0,08;-0,29;0,16
6,015952;0,07;-0,30;0,15
6,016541;0,06;-0,30;0,15
6,016757;0,05;-0,31;0,14
6,016926;0,04;-0,31;0,13
6,017093;0,03;-0,30;0,12
6,017769;0,02;-0,30;0,11
6,021519;0,02;-0,29;0,10
6,023218;0,01;-0,28;0,08
6,024975;0,00;-0,27;0,07
6,027526;-0,00;-0,26;0,05
6,030561;-0,01;-0,25;0,03
6,031563;-0,01;-0,24;0,02
6,035605;-0,02;-0,22;-0,00
6,037967;-0,02;-0,21;-0,02
6,040469;-0,03;-0,19;-0,04
6,041472;-0,03;-0,18;-0,06
6,044396;-0,02;-0,16;-0,08
6,046730;-0,03;-0,14;-0,10
6,048765;-0,03;-0,13;-0,12
6,051293;-0,02;-0,11;-0,13
6,052783;-0,02;-0,09;-0,15
6,055342;-0,02;-0,07;-0,16
6,057775;-0,02;-0,05;-0,18
6,060935;-0,02;-0,03;-0,19
6,063350;-0,01;-0,01;-0,20
6,065051;-0,01;0,01;-0,21
6,067547;-0,01;0,03;-0,21
6,069413;-0,01;0,05;-0,22
6,071206;-0,01;0,07;-0,22
6,073896;-0,01;0,09;-0,22
6,076194;-0,01;0,11;-0,22
6,078534;-0,01;0,13;-0,22
6,081369;-0,02;0,15;-0,22
6,083704;-0,02;0,16;-0,22
6,085809;-0,01;0,17;-0,21
6,089140;-0,01;0,18;-0,20
6,090069;-0,01;0,19;-0,19
6,092810;-0,01;0,19;-0,19
6,095096;-0,01;0,19;-0,17
6,099029;-0,00;0,19;-0,16
6,099971;0,00;0,19;-0,15
6,101835;0,01;0,18;-0,13
6,112676;0,01;0,17;-0,12
6,113265;0,02;0,16;-0,10
6,113485;0,03;0,15;-0,09
6,113915;0,03;0,14;-0,07
6,114101;0,04;0,12;-0,06
6,116065;0,04;0,10;-0,04
6,118990;0,05;0,09;-0,03
6,120344;0,05;0,07;-0,01
6,122817;0,05;0,04;-0,00
6,124795;0,05;0,03;0,01
6,128379;0,05;0,01;0,02
6,130976;0,05;-0,01;0,04
6,132179;0,05;-0,02;0,05
6,134544;0,04;-0,04;0,06
6,136969;0,04;-0,05;0,06
6,139728;0,04;-0,06;0,07
6,142356;0,04;-0,07;0,08
6,144347;0,03;-0,08;0,08
6,146389;0,03;-0,09;0,08
6,148149;0,03;-0,09;0,08
6,151733;0,02;-0,10;0,08
6,153618;0,02;-0,10;0,08
6,155695;0,02;-0,10;0,07
6,157517;0,01;-0,09;0,07
6,160473;0,01;-0,08;0,06
6,163171;0,01;-0,07;0,05
6,164882;0,01;-0,06;0,03
6,167219;0,01;-0,05;0,02
6,169677;0,01;-0,04;0,00
6,172139;0,01;-0,03;-0,01
6,173321;0,01;-0,02;-0,03
6,176194;0,01;-0,01;-0,05
6,178586;0,02;0,01;-0,07
6,180991;0,02;0,03;-0,09
6,183107;0,02;0,04;-0,12
6,185867;0,02;0,06;-0,14
6,189466;0,02;0,08;-0,16
6,191525;0,02;0,10;-0,18
6,192642;0,02;0,13;-0,19
6,195545;0,02;0,15;-0,20
6,197867;0,02;0,18;-0,22
6,199518;0,01;0,20;-0,22
6,201732;0,01;0,23;-0,23
6,205205;0,00;0,25;-0,23
6,206784;-0,00;0,28;-0,22
6,209128;-0,01;0,30;-0,22
6,210643;-0,02;0,32;-0,22
6,213685;-0,03;0,35;-0,22
6,216163;-0,03;0,37;-0,21
6,218709;-0,04;0,39;-0,20
6,220934;-0,04;0,40;-0,19
6,222775;-0,05;0,42;-0,18
6,225635;-0,06;0,43;-0,17
6,227955;-0,06;0,44;-0,16
6,230222;-0,06;0,44;-0,15
6,232245;-0,06;0,44;-0,13
6,234532;-0,07;0,44;-0,12
6,236641;-0,06;0,43;-0,11
6,239171;-0,06;0,42;-0,09
6,241339;-0,05;0,40;-0,08
6,243923;-0,05;0,37;-0,06
6,245965;-0,04;0,35;-0,04
6,248345;-0,04;0,32;-0,02
6,250551;-0,03;0,30;0,00
6,253290;-0,03;0,27;0,02
6,255700;-0,02;0,25;0,05
6,257710;-0,02;0,22;0,07
6,260092;-0,01;0,20;0,08
6,262857;-0,01;0,18;0,09
6,264856;0,00;0,15;0,10
6,267246;0,01;0,13;0,11
6,269456;0,02;0,11;0,11
6,271747;0,04;0,09;0,10
6,274367;0,05;0,06;0,09
6,276538;0,07;0,05;0,08
6,279535;0,09;0,02;0,07
6,281312;0,10;0,01;0,06
6,284375;0,11;-0,01;0,05
6,286840;0,12;-0,02;0,03
6,289298;0,13;-0,03;0,02
6,290578;0,13;-0,04;0,01
6,293487;0,13;-0,05;-0,00
6,298904;0,13;-0,05;-0,01
6,299719;0,12;-0,04;-0,02
6,300249;0,11;-0,03;-0,03
6,302298;0,10;-0,02;-0,04
6,311994;0,10;-0,01;-0,06
6,312565;0,08;0,01;-0,07
6,312729;0,07;0,03;-0,08
6,312856;0,06;0,05;-0,09
6,313654;0,05;0,07;-0,10
6,315713;0,04;0,10;-0,12
6,318825;0,03;0,12;-0,13
6,321117;0,01;0,14;-0,14
6,323298;0,00;0,17;-0,15
6,326054;-0,01;0,20;-0,16
6,328174;-0,02;0,22;-0,17
6,330435;-0,03;0,25;-0,18
6,332084;-0,04;0,28;-0,18
6,337044;-0,05;0,30;-0,19
6,337963;-0,06;0,33;-0,19
6,341829;-0,06;0,35;-0,20
6,343265;-0,07;0,37;-0,20
6,344664;-0,07;0,39;-0,20
6,346392;-0,07;0,40;-0,19
6,348730;-0,08;0,41;-0,19
6,350756;-0,08;0,42;-0,18
6,354271;-0,07;0,43;-0,18
6,355725;-0,07;0,43;-0,17
6,357952;-0,07;0,43;-0,16
6,361404;-0,06;0,42;-0,15
6,363504;-0,06;0,42;-0,14
6,366142;-0,05;0,41;-0,13
6,368554;-0,04;0,40;-0,13
6,369533;-0,04;0,39;-0,12
6,372245;-0,03;0,38;-0,12
6,375743;-0,02;0,36;-0,11
6,377293;-0,00;0,35;-0,11
6,380344;0,01;0,33;-0,10
6,381437;0,02;0,30;-0,10
6,384913;0,03;0,28;-0,09
6,386941;0,04;0,25;-0,09
6,388995;0,04;0,23;-0,08
6,391665;0,05;0,21;-0,08
6,393969;0,06;0,20;-0,06
6,399195;0,06;0,18;-0,05
6,400174;0,06;0,17;-0,04
6,400490;0,06;0,16;-0,03
6,404445;0,06;0,15;-0,02
6,404889;0,06;0,14;-0,01
6,410086;0,05;0,13;-0,00
6,410570;0,05;0,12;0,00
6,411650;0,05;0,12;0,01
6,414069;0,05;0,11;0,01
6,416297;0,04;0,10;0,01
6,418679;0,04;0,09;0,01
6,421404;0,04;0,07;0,01
6,423313;0,04;0,06;0,01
6,426667;0,04;0,04;0,01
6,428936;0,03;0,03;0,00
6,431308;0,03;0,02;-0,00
6,432093;0,03;0,00;-0,00
6,435627;0,02;-0,02;-0,01
6,437113;0,01;-0,03;-0,01
6,439745;-0,01;-0,05;-0,02
6,441908;-0,02;-0,05;-0,02
6,444399;-0,02;-0,04;-0,02
6,447025;-0,03;-0,02;-0,02
6,449538;-0,03;0,00;-0,02
6,451948;-0,03;0,01;-0,01
6,454957;-0,03;0,02;-0,02
6,455805;-0,03;0,01;-0,02
6,458027;-0,03;0,01;-0,02
6,461073;-0,03;0,01;-0,03
6,463889;-0,03;0,00;-0,04
6,465813;-0,03;-0,01;-0,05
6,467991;-0,02;-0,01;-0,06
6,470894;-0,03;-0,01;-0,08
6,473060;-0,02;-0,01;-0,09
6,475603;-0,02;-0,01;-0,10
6,477468;-0,03;-0,01;-0,11
6,479059;-0,02;0,00;-0,13
6,481331;-0,02;0,01;-0,13
6,483993;-0,02;0,02;-0,14
6,487138;-0,02;0,04;-0,15
6,494031;-0,02;0,05;-0,15
6,495144;-0,02;0,06;-0,16
6,495743;-0,02;0,07;-0,16
6,496262;-0,02;0,07;-0,17
6,497470;-0,02;0,08;-0,17
6,500402;-0,02;0,09;-0,17
6,508792;-0,01;0,10;-0,17
6,509492;-0,01;0,11;-0,18
6,509693;-0,01;0,12;-0,18
6,509834;0,00;0,12;-0,18
6,512360;0,00;0,13;-0,18
6,513981;0,01;0,13;-0,18
6,516969;0,01;0,13;-0,19
6,518750;0,02;0,13;-0,19
6,520996;0,03;0,14;-0,19
6,523975;0,03;0,14;-0,19
6,526771;0,03;0,13;-0,19
6,529091;0,04;0,13;-0,19
6,530566;0,05;0,13;-0,19
6,533941;0,05;0,13;-0,19
6,535759;0,05;0,13;-0,19
6,537992;0,06;0,13;-0,19
6,539305;0,06;0,13;-0,18
6,542254;0,06;0,12;-0,18
6,545642;0,07;0,12;-0,18
6,547729;0,07;0,11;-0,17
6,549018;0,07;0,10;-0,17
6,552754;0,07;0,10;-0,16
6,554814;0,08;0,09;-0,15
6,556632;0,08;0,08;-0,15
6,558328;0,09;0,07;-0,14
6,561626;0,09;0,06;-0,14
6,563698;0,09;0,05;-0,13
6,566112;0,09;0,04;-0,12
6,568530;0,10;0,03;-0,12
6,570519;0,10;0,02;-0,11
6,572646;0,10;0,01;-0,10
6,575649;0,09;0,00;-0,09
6,577442;0,09;-0,01;-0,08
6,579779;0,08;-0,01;-0,07
6,581683;0,07;-0,02;-0,06
6,584022;0,07;-0,02;-0,04
6,587744;0,06;-0,01;-0,03
6,588724;0,05;-0,01;-0,02
6,590903;0,04;-0,00;-0,01
6,594087;0,03;-0,00;-0,01
6,599756;0,02;0,00;-0,00
6,600625;0,01;0,01;0,00
6,600947;-0,00;0,01;0,00
6,603628;-0,01;0,01;0,00
6,614153;-0,02;0,01;0,00
6,614934;-0,02;0,01;0,00
6,615217;-0,02;0,01;-0,00
6,615522;-0,03;0,01;-0,00
6,615742;-0,03;0,01;-0,01
6,617545;-0,03;0,00;-0,01
6,619544;-0,04;0,00;-0,01
6,621268;-0,04;-0,00;-0,02
6,624655;-0,04;-0,00;-0,02
6,625900;-0,04;-0,01;-0,03
6,628500;-0,04;-0,01;-0,03
6,630468;-0,04;-0,01;-0,04
6,632531;-0,03;-0,02;-0,05
6,635415;-0,03;-0,02;-0,05
6,638651;-0,03;-0,03;-0,06
6,639903;-0,03;-0,03;-0,07
6,643590;-0,03;-0,04;-0,07
6,645665;-0,02;-0,04;-0,08
6,647109;-0,02;-0,05;-0,09
6,649158;-0,02;-0,06;-0,09
6,652808;-0,01;-0,06;-0,10
6,654337;-0,01;-0,07;-0,10
6,656546;-0,00;-0,08;-0,10
6,658914;0,00;-0,08;-0,11
6,661800;-0,00;-0,08;-0,11
6,664141;0,00;-0,09;-0,11
6,666521;-0,00;-0,08;-0,10
6,668010;-0,00;-0,08;-0,10
6,670109;-0,00;-0,07;-0,09
6,672263;-0,01;-0,07;-0,09
6,674972;-0,01;-0,06;-0,08
6,678893;-0,02;-0,05;-0,08
6,679727;-0,02;-0,04;-0,08
6,682107;-0,02;-0,03;-0,07
6,684119;-0,02;-0,02;-0,07
6,687961;-0,02;-0,01;-0,06
6,688857;-0,03;-0,01;-0,06
6,692249;-0,03;-0,01;-0,06
6,694465;-0,03;-0,01;-0,05
6,699113;-0,02;-0,01;-0,05
6,699979;-0,02;-0,02;-0,05
6,703800;-0,01;-0,02;-0,04
6,704626;-0,00;-0,03;-0,04
6,712405;-0,00;-0,04;-0,03
6,712957;0,00;-0,05;-0,02
6,713137;0,01;-0,06;-0,01
6,713308;0,01;-0,07;-0,00
6,714532;0,01;-0,08;0,01
6,717072;0,02;-0,09;0,02
6,719682;0,02;-0,09;0,03
6,721302;0,02;-0,10;0,04
6,724109;0,02;-0,10;0,05
6,726466;0,02;-0,10;0,06
6,728690;0,02;-0,11;0,06
6,731325;0,02;-0,11;0,07
6,733170;0,02;-0,11;0,07
6,736461;0,02;-0,11;0,08
6,738581;0,02;-0,11;0,08
6,740254;0,01;-0,11;0,08
6,742294;0,01;-0,11;0,09
6,745270;0,01;-0,11;0,09
6,747039;0,01;-0,11;0,09
6,750229;0,00;-0,11;0,09
6,752200;0,00;-0,11;0,09
6,754072;-0,00;-0,10;0,09
6,756967;-0,00;-0,10;0,09
6,759350;-0,01;-0,09;0,09
6,762883;-0,01;-0,09;0,09
6,763794;-0,01;-0,09;0,09
6,765716;-0,01;-0,08;0,09
6,767939;-0,01;-0,08;0,09
6,770093;-0,01;-0,07;0,08
6,772498;-0,01;-0,07;0,08
6,775230;-0,01;-0,07;0,07
6,777900;-0,01;-0,06;0,07
6,780415;-0,01;-0,06;0,06
6,782960;-0,01;-0,06;0,06
6,784183;-0,00;-0,05;0,05
6,789763;-0,00;-0,06;0,04
6,790653;-0,00;-0,06;0,04
6,791999;-0,00;-0,06;0,04
6,793747;0,00;-0,06;0,03
6,803737;0,00;-0,06;0,03
6,804457;0,00;-0,06;0,03
6,804748;0,00;-0,06;0,02
6,804978;0,00;-0,06;0,02
6,805162;0,01;-0,06;0,02
6,807721;0,01;-0,06;0,01
6,810564;0,01;-0,06;0,01
6,812223;0,01;-0,06;0,01
6,815198;0,01;-0,06;0,01
6,817117;0,01;-0,06;0,00
6,820568;0,01;-0,06;0,00
6,822380;0,01;-0,06;0,00
6,825245;0,01;-0,06;0,00
6,827528;0,01;-0,06;0,00
6,829924;0,01;-0,05;0,00
6,831057;0,00;-0,04;0,01
6,832859;-0,00;-0,03;0,01
6,836251;-0,01;-0,01;0,01
6,837784;-0,01;0,00;0,01
6,841394;-0,01;0,01;0,01
6,843054;-0,02;0,03;0,02
6,845463;-0,02;0,04;0,02
6,847188;-0,03;0,05;0,02
6,850292;-0,03;0,06;0,02
6,852233;-0,03;0,07;0,02
6,854516;-0,04;0,07;0,02
6,857756;-0,04;0,07;0,03
6,859557;-0,05;0,07;0,03
6,862084;-0,05;0,08;0,03
6,863313;-0,04;0,07;0,03
6,866035;-0,04;0,07;0,03
6,868819;-0,04;0,06;0,03
6,870610;-0,04;0,06;0,03
6,872939;-0,03;0,05;0,03
6,875939;-0,03;0,04;0,03
6,879007;-0,02;0,03;0,03
6,880024;-0,02;0,02;0,03
6,882857;-0,01;0,01;0,02
6,885203;-0,01;0,00;0,02
6,887171;-0,00;-0,01;0,02
6,889593;0,00;-0,02;0,02
6,891831;0,01;-0,03;0,01
6,895758;0,01;-0,04;0,01
6,896433;0,02;-0,05;0,01
6,898258;0,02;-0,06;0,01
6,900832;0,02;-0,06;0,01
6,907073;0,02;-0,06;0,01
6,907679;0,01;-0,06;0,01
6,907835;0,01;-0,06;0,01
6,910503;0,00;-0,05;0,01
6,912221;-0,00;-0,05;0,01
6,914900;-0,01;-0,04;0,02
6,916761;-0,01;-0,03;0,02
6,919482;-0,02;-0,02;0,02
6,921467;-0,03;-0,01;0,02
6,923949;-0,04;0,00;0,02
6,926060;-0,04;0,01;0,03
6,928608;-0,05;0,02;0,03
6,930785;-0,05;0,03;0,03
6,932765;-0,05;0,04;0,03
6,935458;-0,05;0,05;0,03
6,937747;-0,05;0,05;0,03
6,940255;-0,05;0,05;0,03
6,942629;-0,05;0,05;0,03
6,944898;-0,04;0,05;0,02
6,947155;-0,04;0,05;0,02
6,949513;-0,03;0,04;0,02
6,951866;-0,02;0,04;0,02
6,954371;-0,01;0,03;0,02
6,956335;-0,01;0,02;0,01
6,959310;0,00;0,01;0,01
6,960957;0,01;0,01;0,01
6,963755;0,01;-0,00;0,01
6,965758;0,02;-0,01;0,00
6,968432;0,03;-0,01;0,00
6,970509;0,03;-0,02;0,00
6,972353;0,03;-0,02;0,00
6,975097;0,04;-0,03;-0,00
6,977483;0,04;-0,03;-0,00
6,979999;0,04;-0,04;-0,00
6,981973;0,04;-0,04;0,00
6,984907;0,04;-0,04;0,00
6,986744;0,04;-0,04;0,00
6,989287;0,04;-0,04;0,00
6,991326;0,04;-0,04;0,00
6,993653;0,03;-0,04;0,00
6,996030;0,04;-0,04;0,00
6,998604;0,03;-0,04;0,00
7,000740;0,03;-0,05;-0,00
7,003769;0,03;-0,05;-0,00
7,005814;0,03;-0,05;-0,01
7,008075;0,04;-0,06;-0,01
7,019270;0,04;-0,07;-0,01
7,020186;0,04;-0,08;-0,01
7,020498;0,05;-0,09;-0,01
7,020725;0,05;-0,10;-0,01
7,020914;0,05;-0,12;-0,01
7,022716;0,06;-0,13;-0,01
7,024881;0,06;-0,15;-0,01
7,028107;0,06;-0,16;-0,00
7,028769;0,06;-0,17;0,00
7,031119;0,07;-0,18;0,01
7,034940;0,07;-0,19;0,01
7,037138;0,07;-0,19;0,01
7,037969;0,07;-0,20;0,02
7,041471;0,07;-0,20;0,02
7,044764;0,07;-0,21;0,02
7,045549;0,07;-0,21;0,03
7,047788;0,07;-0,21;0,03
7,050089;0,07;-0,21;0,04
7,052949;0,06;-0,21;0,04
7,054392;0,06;-0,21;0,04
7,057418;0,06;-0,21;0,05
7,058983;0,06;-0,20;0,05
7,061951;0,06;-0,20;0,06
7,064539;0,05;-0,19;0,06
7,067145;0,05;-0,19;0,06
7,069642;0,06;-0,19;0,06
7,071551;0,06;-0,19;0,06
7,073504;0,06;-0,19;0,06
7,075912;0,06;-0,19;0,06
7,078496;0,06;-0,19;0,06
7,081291;0,06;-0,19;0,06
7,083962;0,06;-0,20;0,06
7,086183;0,07;-0,20;0,06
7,087069;0,07;-0,20;0,06
7,089332;0,06;-0,21;0,06
7,091748;0,06;-0,21;0,07
7,094616;0,07;-0,20;0,07
7,097931;0,06;-0,20;0,07
7,098642;0,06;-0,19;0,08
7,106696;0,07;-0,19;0,08
7,107653;0,06;-0,18;0,08
7,108246;0,07;-0,18;0,09
7,108575;0,07;-0,18;0,09
7,122994;0,07;-0,17;0,09
7,123932;0,07;-0,17;0,10
7,124222;0,07;-0,17;0,10
7,124446;0,08;-0,17;0,11
7,124630;0,08;-0,16;0,11
7,124832;0,08;-0,15;0,12
7,125035;0,05;-0,11;0,13
7,128062;0,00;-0,01;0,13
7,129124;-0,06;0,10;0,13
7,131553;-0,12;0,20;0,11
7,134029;-0,16;0,26;0,09
7,136159;-0,18;0,29;0,06
7,139155;-0,19;0,31;0,03
7,141347;-0,19;0,32;0,00
7,143127;-0,17;0,32;-0,02
7,145330;-0,16;0,32;-0,05
7,147535;-0,15;0,31;-0,07
7,149689;-0,13;0,29;-0,08
7,152276;-0,12;0,25;-0,09
7,154229;-0,10;0,20;-0,10
7,156889;-0,07;0,14;-0,11
7,159955;-0,05;0,08;-0,12
7,161790;-0,02;0,01;-0,12
7,163921;0,01;-0,07;-0,13
7,166165;0,05;-0,14;-0,13
7,168327;0,08;-0,20;-0,13
7,170999;0,11;-0,25;-0,12
7,172689;0,13;-0,30;-0,12
7,175906;0,15;-0,34;-0,11
7,177726;0,17;-0,38;-0,10
7,180323;0,19;-0,41;-0,09
7,182418;0,20;-0,44;-0,07
7,185031;0,21;-0,46;-0,06
7,187065;0,21;-0,46;-0,05
7,189465;0,21;-0,46;-0,03
7,193445;0,20;-0,44;-0,02
7,193958;0,19;-0,42;-0,01
7,196789;0,17;-0,38;0,01
7,198655;0,15;-0,34;0,01
7,202907;0,13;-0,29;0,02
7,204116;0,11;-0,24;0,02
7,206086;0,08;-0,19;0,03
7,208478;0,05;-0,12;0,03
7,213952;0,03;-0,06;0,03
7,214431;-0,00;0,00;0,04
7,215507;-0,03;0,06;0,04
7,217911;-0,05;0,12;0,05
